name,url,category,test_type,description,text
SHL Assessment Test 1,https://www.shl.com/products/test-1,Behavioral,Personality,This SHL assessment delivers a standardized assessment aligned with global talent benchmarks and norms.,SHL Assessment Test 1. This SHL assessment delivers a standardized assessment aligned with global talent benchmarks and norms.
SHL Assessment Test 2,https://www.shl.com/products/test-2,Personality,Knowledge,This SHL assessment gives employers data‑driven insights into cognitive strengths relevant to role performance.,SHL Assessment Test 2. This SHL assessment gives employers data‑driven insights into cognitive strengths relevant to role performance.
SHL Assessment Test 3,https://www.shl.com/products/test-3,Personality,Knowledge,This SHL assessment gives employers data‑driven insights into cognitive strengths relevant to role performance.,SHL Assessment Test 3. This SHL assessment gives employers data‑driven insights into cognitive strengths relevant to role performance.
SHL Assessment Test 4,https://www.shl.com/products/test-4,Behavioral,Skill,This SHL assessment provides insight into how effectively individuals interpret data and apply logical strategies.,SHL Assessment Test 4. This SHL assessment provides insight into how effectively individuals interpret data and apply logical strategies.
SHL Assessment Test 5,https://www.shl.com/products/test-5,Technical,Skill,This SHL assessment helps organizations identify talent with strong analytical capabilities and learning agility.,SHL Assessment Test 5. This SHL assessment helps organizations identify talent with strong analytical capabilities and learning agility.
SHL Assessment Test 6,https://www.shl.com/products/test-6,Cognitive,Knowledge,This SHL assessment supports hiring decisions by predicting how individuals approach challenges and absorb new information.,SHL Assessment Test 6. This SHL assessment supports hiring decisions by predicting how individuals approach challenges and absorb new information.
SHL Assessment Test 7,https://www.shl.com/products/test-7,Technical,Personality,This SHL assessment assesses a candidate’s ability to analyze complex information and make sound decisions.,SHL Assessment Test 7. This SHL assessment assesses a candidate’s ability to analyze complex information and make sound decisions.
SHL Assessment Test 8,https://www.shl.com/products/test-8,Cognitive,Knowledge,"This SHL assessment measures critical thinking, problem-solving, and reasoning capabilities essential for modern roles.","SHL Assessment Test 8. This SHL assessment measures critical thinking, problem-solving, and reasoning capabilities essential for modern roles."
SHL Assessment Test 9,https://www.shl.com/products/test-9,Behavioral,Knowledge,"This SHL assessment evaluates a candidate’s potential to perform well in dynamic, fast‑paced environments.","SHL Assessment Test 9. This SHL assessment evaluates a candidate’s potential to perform well in dynamic, fast‑paced environments."
SHL Assessment Test 10,https://www.shl.com/products/test-10,Technical,Skill,This SHL assessment provides insight into how effectively individuals interpret data and apply logical strategies.,SHL Assessment Test 10. This SHL assessment provides insight into how effectively individuals interpret data and apply logical strategies.
SHL Assessment Test 11,https://www.shl.com/products/test-11,Cognitive,Skill,"This SHL assessment measures critical thinking, problem-solving, and reasoning capabilities essential for modern roles.","SHL Assessment Test 11. This SHL assessment measures critical thinking, problem-solving, and reasoning capabilities essential for modern roles."
SHL Assessment Test 12,https://www.shl.com/products/test-12,Cognitive,Knowledge,This SHL assessment assesses a candidate’s ability to analyze complex information and make sound decisions.,SHL Assessment Test 12. This SHL assessment assesses a candidate’s ability to analyze complex information and make sound decisions.
SHL Assessment Test 13,https://www.shl.com/products/test-13,Aptitude,Knowledge,This SHL assessment provides insight into how effectively individuals interpret data and apply logical strategies.,SHL Assessment Test 13. This SHL assessment provides insight into how effectively individuals interpret data and apply logical strategies.
SHL Assessment Test 14,https://www.shl.com/products/test-14,Technical,Skill,This SHL assessment assesses a candidate’s ability to analyze complex information and make sound decisions.,SHL Assessment Test 14. This SHL assessment assesses a candidate’s ability to analyze complex information and make sound decisions.
SHL Assessment Test 15,https://www.shl.com/products/test-15,Aptitude,Knowledge,This SHL assessment offers a reliable measure of core workplace competencies used across industries.,SHL Assessment Test 15. This SHL assessment offers a reliable measure of core workplace competencies used across industries.
SHL Assessment Test 16,https://www.shl.com/products/test-16,Personality,Knowledge,This SHL assessment offers a reliable measure of core workplace competencies used across industries.,SHL Assessment Test 16. This SHL assessment offers a reliable measure of core workplace competencies used across industries.
SHL Assessment Test 17,https://www.shl.com/products/test-17,Aptitude,Personality,This SHL assessment delivers a standardized assessment aligned with global talent benchmarks and norms.,SHL Assessment Test 17. This SHL assessment delivers a standardized assessment aligned with global talent benchmarks and norms.
SHL Assessment Test 18,https://www.shl.com/products/test-18,Technical,Skill,This SHL assessment assesses a candidate’s ability to analyze complex information and make sound decisions.,SHL Assessment Test 18. This SHL assessment assesses a candidate’s ability to analyze complex information and make sound decisions.
SHL Assessment Test 19,https://www.shl.com/products/test-19,Cognitive,Personality,This SHL assessment provides insight into how effectively individuals interpret data and apply logical strategies.,SHL Assessment Test 19. This SHL assessment provides insight into how effectively individuals interpret data and apply logical strategies.
SHL Assessment Test 20,https://www.shl.com/products/test-20,Cognitive,Personality,This SHL assessment helps organizations identify talent with strong analytical capabilities and learning agility.,SHL Assessment Test 20. This SHL assessment helps organizations identify talent with strong analytical capabilities and learning agility.
SHL Assessment Test 21,https://www.shl.com/products/test-21,Behavioral,Personality,This SHL assessment gives employers data‑driven insights into cognitive strengths relevant to role performance.,SHL Assessment Test 21. This SHL assessment gives employers data‑driven insights into cognitive strengths relevant to role performance.
SHL Assessment Test 22,https://www.shl.com/products/test-22,Personality,Personality,This SHL assessment supports hiring decisions by predicting how individuals approach challenges and absorb new information.,SHL Assessment Test 22. This SHL assessment supports hiring decisions by predicting how individuals approach challenges and absorb new information.
SHL Assessment Test 23,https://www.shl.com/products/test-23,Cognitive,Personality,This SHL assessment delivers a standardized assessment aligned with global talent benchmarks and norms.,SHL Assessment Test 23. This SHL assessment delivers a standardized assessment aligned with global talent benchmarks and norms.
SHL Assessment Test 24,https://www.shl.com/products/test-24,Cognitive,Knowledge,This SHL assessment gives employers data‑driven insights into cognitive strengths relevant to role performance.,SHL Assessment Test 24. This SHL assessment gives employers data‑driven insights into cognitive strengths relevant to role performance.
SHL Assessment Test 25,https://www.shl.com/products/test-25,Cognitive,Personality,This SHL assessment helps organizations identify talent with strong analytical capabilities and learning agility.,SHL Assessment Test 25. This SHL assessment helps organizations identify talent with strong analytical capabilities and learning agility.
SHL Assessment Test 26,https://www.shl.com/products/test-26,Personality,Skill,This SHL assessment helps organizations identify talent with strong analytical capabilities and learning agility.,SHL Assessment Test 26. This SHL assessment helps organizations identify talent with strong analytical capabilities and learning agility.
SHL Assessment Test 27,https://www.shl.com/products/test-27,Technical,Personality,This SHL assessment provides insight into how effectively individuals interpret data and apply logical strategies.,SHL Assessment Test 27. This SHL assessment provides insight into how effectively individuals interpret data and apply logical strategies.
SHL Assessment Test 28,https://www.shl.com/products/test-28,Technical,Personality,This SHL assessment gives employers data‑driven insights into cognitive strengths relevant to role performance.,SHL Assessment Test 28. This SHL assessment gives employers data‑driven insights into cognitive strengths relevant to role performance.
SHL Assessment Test 29,https://www.shl.com/products/test-29,Personality,Skill,This SHL assessment provides insight into how effectively individuals interpret data and apply logical strategies.,SHL Assessment Test 29. This SHL assessment provides insight into how effectively individuals interpret data and apply logical strategies.
SHL Assessment Test 30,https://www.shl.com/products/test-30,Personality,Skill,This SHL assessment helps organizations identify talent with strong analytical capabilities and learning agility.,SHL Assessment Test 30. This SHL assessment helps organizations identify talent with strong analytical capabilities and learning agility.
SHL Assessment Test 31,https://www.shl.com/products/test-31,Aptitude,Personality,This SHL assessment supports hiring decisions by predicting how individuals approach challenges and absorb new information.,SHL Assessment Test 31. This SHL assessment supports hiring decisions by predicting how individuals approach challenges and absorb new information.
SHL Assessment Test 32,https://www.shl.com/products/test-32,Cognitive,Skill,This SHL assessment provides insight into how effectively individuals interpret data and apply logical strategies.,SHL Assessment Test 32. This SHL assessment provides insight into how effectively individuals interpret data and apply logical strategies.
SHL Assessment Test 33,https://www.shl.com/products/test-33,Aptitude,Knowledge,"This SHL assessment measures critical thinking, problem-solving, and reasoning capabilities essential for modern roles.","SHL Assessment Test 33. This SHL assessment measures critical thinking, problem-solving, and reasoning capabilities essential for modern roles."
SHL Assessment Test 34,https://www.shl.com/products/test-34,Behavioral,Personality,This SHL assessment delivers a standardized assessment aligned with global talent benchmarks and norms.,SHL Assessment Test 34. This SHL assessment delivers a standardized assessment aligned with global talent benchmarks and norms.
SHL Assessment Test 35,https://www.shl.com/products/test-35,Technical,Knowledge,This SHL assessment offers a reliable measure of core workplace competencies used across industries.,SHL Assessment Test 35. This SHL assessment offers a reliable measure of core workplace competencies used across industries.
SHL Assessment Test 36,https://www.shl.com/products/test-36,Personality,Knowledge,This SHL assessment supports hiring decisions by predicting how individuals approach challenges and absorb new information.,SHL Assessment Test 36. This SHL assessment supports hiring decisions by predicting how individuals approach challenges and absorb new information.
SHL Assessment Test 37,https://www.shl.com/products/test-37,Technical,Skill,This SHL assessment assesses a candidate’s ability to analyze complex information and make sound decisions.,SHL Assessment Test 37. This SHL assessment assesses a candidate’s ability to analyze complex information and make sound decisions.
SHL Assessment Test 38,https://www.shl.com/products/test-38,Technical,Personality,This SHL assessment helps organizations identify talent with strong analytical capabilities and learning agility.,SHL Assessment Test 38. This SHL assessment helps organizations identify talent with strong analytical capabilities and learning agility.
SHL Assessment Test 39,https://www.shl.com/products/test-39,Behavioral,Skill,This SHL assessment gives employers data‑driven insights into cognitive strengths relevant to role performance.,SHL Assessment Test 39. This SHL assessment gives employers data‑driven insights into cognitive strengths relevant to role performance.
SHL Assessment Test 40,https://www.shl.com/products/test-40,Aptitude,Personality,This SHL assessment provides insight into how effectively individuals interpret data and apply logical strategies.,SHL Assessment Test 40. This SHL assessment provides insight into how effectively individuals interpret data and apply logical strategies.
SHL Assessment Test 41,https://www.shl.com/products/test-41,Aptitude,Skill,"This SHL assessment evaluates a candidate’s potential to perform well in dynamic, fast‑paced environments.","SHL Assessment Test 41. This SHL assessment evaluates a candidate’s potential to perform well in dynamic, fast‑paced environments."
SHL Assessment Test 42,https://www.shl.com/products/test-42,Cognitive,Personality,This SHL assessment captures a broad spectrum of reasoning skills required for complex job functions.,SHL Assessment Test 42. This SHL assessment captures a broad spectrum of reasoning skills required for complex job functions.
SHL Assessment Test 43,https://www.shl.com/products/test-43,Technical,Personality,This SHL assessment helps organizations identify talent with strong analytical capabilities and learning agility.,SHL Assessment Test 43. This SHL assessment helps organizations identify talent with strong analytical capabilities and learning agility.
SHL Assessment Test 44,https://www.shl.com/products/test-44,Aptitude,Skill,This SHL assessment captures a broad spectrum of reasoning skills required for complex job functions.,SHL Assessment Test 44. This SHL assessment captures a broad spectrum of reasoning skills required for complex job functions.
SHL Assessment Test 45,https://www.shl.com/products/test-45,Behavioral,Knowledge,This SHL assessment supports hiring decisions by predicting how individuals approach challenges and absorb new information.,SHL Assessment Test 45. This SHL assessment supports hiring decisions by predicting how individuals approach challenges and absorb new information.
SHL Assessment Test 46,https://www.shl.com/products/test-46,Technical,Personality,This SHL assessment helps organizations identify talent with strong analytical capabilities and learning agility.,SHL Assessment Test 46. This SHL assessment helps organizations identify talent with strong analytical capabilities and learning agility.
SHL Assessment Test 47,https://www.shl.com/products/test-47,Aptitude,Knowledge,This SHL assessment delivers a standardized assessment aligned with global talent benchmarks and norms.,SHL Assessment Test 47. This SHL assessment delivers a standardized assessment aligned with global talent benchmarks and norms.
SHL Assessment Test 48,https://www.shl.com/products/test-48,Aptitude,Knowledge,"This SHL assessment measures critical thinking, problem-solving, and reasoning capabilities essential for modern roles.","SHL Assessment Test 48. This SHL assessment measures critical thinking, problem-solving, and reasoning capabilities essential for modern roles."
SHL Assessment Test 49,https://www.shl.com/products/test-49,Aptitude,Skill,This SHL assessment delivers a standardized assessment aligned with global talent benchmarks and norms.,SHL Assessment Test 49. This SHL assessment delivers a standardized assessment aligned with global talent benchmarks and norms.
SHL Assessment Test 50,https://www.shl.com/products/test-50,Technical,Knowledge,"This SHL assessment evaluates a candidate’s potential to perform well in dynamic, fast‑paced environments.","SHL Assessment Test 50. This SHL assessment evaluates a candidate’s potential to perform well in dynamic, fast‑paced environments."
SHL Assessment Test 51,https://www.shl.com/products/test-51,Cognitive,Skill,This SHL assessment assesses a candidate’s ability to analyze complex information and make sound decisions.,SHL Assessment Test 51. This SHL assessment assesses a candidate’s ability to analyze complex information and make sound decisions.
SHL Assessment Test 52,https://www.shl.com/products/test-52,Technical,Personality,This SHL assessment offers a reliable measure of core workplace competencies used across industries.,SHL Assessment Test 52. This SHL assessment offers a reliable measure of core workplace competencies used across industries.
SHL Assessment Test 53,https://www.shl.com/products/test-53,Personality,Skill,This SHL assessment helps organizations identify talent with strong analytical capabilities and learning agility.,SHL Assessment Test 53. This SHL assessment helps organizations identify talent with strong analytical capabilities and learning agility.
SHL Assessment Test 54,https://www.shl.com/products/test-54,Technical,Personality,"This SHL assessment measures critical thinking, problem-solving, and reasoning capabilities essential for modern roles.","SHL Assessment Test 54. This SHL assessment measures critical thinking, problem-solving, and reasoning capabilities essential for modern roles."
SHL Assessment Test 55,https://www.shl.com/products/test-55,Behavioral,Skill,This SHL assessment helps organizations identify talent with strong analytical capabilities and learning agility.,SHL Assessment Test 55. This SHL assessment helps organizations identify talent with strong analytical capabilities and learning agility.
SHL Assessment Test 56,https://www.shl.com/products/test-56,Personality,Skill,This SHL assessment supports hiring decisions by predicting how individuals approach challenges and absorb new information.,SHL Assessment Test 56. This SHL assessment supports hiring decisions by predicting how individuals approach challenges and absorb new information.
SHL Assessment Test 57,https://www.shl.com/products/test-57,Aptitude,Skill,This SHL assessment helps organizations identify talent with strong analytical capabilities and learning agility.,SHL Assessment Test 57. This SHL assessment helps organizations identify talent with strong analytical capabilities and learning agility.
SHL Assessment Test 58,https://www.shl.com/products/test-58,Aptitude,Knowledge,"This SHL assessment measures critical thinking, problem-solving, and reasoning capabilities essential for modern roles.","SHL Assessment Test 58. This SHL assessment measures critical thinking, problem-solving, and reasoning capabilities essential for modern roles."
SHL Assessment Test 59,https://www.shl.com/products/test-59,Cognitive,Personality,This SHL assessment helps organizations identify talent with strong analytical capabilities and learning agility.,SHL Assessment Test 59. This SHL assessment helps organizations identify talent with strong analytical capabilities and learning agility.
SHL Assessment Test 60,https://www.shl.com/products/test-60,Aptitude,Personality,This SHL assessment assesses a candidate’s ability to analyze complex information and make sound decisions.,SHL Assessment Test 60. This SHL assessment assesses a candidate’s ability to analyze complex information and make sound decisions.
SHL Assessment Test 61,https://www.shl.com/products/test-61,Technical,Skill,This SHL assessment assesses a candidate’s ability to analyze complex information and make sound decisions.,SHL Assessment Test 61. This SHL assessment assesses a candidate’s ability to analyze complex information and make sound decisions.
SHL Assessment Test 62,https://www.shl.com/products/test-62,Behavioral,Skill,This SHL assessment gives employers data‑driven insights into cognitive strengths relevant to role performance.,SHL Assessment Test 62. This SHL assessment gives employers data‑driven insights into cognitive strengths relevant to role performance.
SHL Assessment Test 63,https://www.shl.com/products/test-63,Aptitude,Knowledge,This SHL assessment offers a reliable measure of core workplace competencies used across industries.,SHL Assessment Test 63. This SHL assessment offers a reliable measure of core workplace competencies used across industries.
SHL Assessment Test 64,https://www.shl.com/products/test-64,Personality,Knowledge,This SHL assessment supports hiring decisions by predicting how individuals approach challenges and absorb new information.,SHL Assessment Test 64. This SHL assessment supports hiring decisions by predicting how individuals approach challenges and absorb new information.
SHL Assessment Test 65,https://www.shl.com/products/test-65,Technical,Personality,This SHL assessment delivers a standardized assessment aligned with global talent benchmarks and norms.,SHL Assessment Test 65. This SHL assessment delivers a standardized assessment aligned with global talent benchmarks and norms.
SHL Assessment Test 66,https://www.shl.com/products/test-66,Cognitive,Knowledge,This SHL assessment offers a reliable measure of core workplace competencies used across industries.,SHL Assessment Test 66. This SHL assessment offers a reliable measure of core workplace competencies used across industries.
SHL Assessment Test 67,https://www.shl.com/products/test-67,Aptitude,Knowledge,This SHL assessment helps organizations identify talent with strong analytical capabilities and learning agility.,SHL Assessment Test 67. This SHL assessment helps organizations identify talent with strong analytical capabilities and learning agility.
SHL Assessment Test 68,https://www.shl.com/products/test-68,Technical,Personality,"This SHL assessment measures critical thinking, problem-solving, and reasoning capabilities essential for modern roles.","SHL Assessment Test 68. This SHL assessment measures critical thinking, problem-solving, and reasoning capabilities essential for modern roles."
SHL Assessment Test 69,https://www.shl.com/products/test-69,Personality,Knowledge,"This SHL assessment measures critical thinking, problem-solving, and reasoning capabilities essential for modern roles.","SHL Assessment Test 69. This SHL assessment measures critical thinking, problem-solving, and reasoning capabilities essential for modern roles."
SHL Assessment Test 70,https://www.shl.com/products/test-70,Personality,Skill,This SHL assessment offers a reliable measure of core workplace competencies used across industries.,SHL Assessment Test 70. This SHL assessment offers a reliable measure of core workplace competencies used across industries.
SHL Assessment Test 71,https://www.shl.com/products/test-71,Cognitive,Personality,This SHL assessment provides insight into how effectively individuals interpret data and apply logical strategies.,SHL Assessment Test 71. This SHL assessment provides insight into how effectively individuals interpret data and apply logical strategies.
SHL Assessment Test 72,https://www.shl.com/products/test-72,Technical,Skill,This SHL assessment captures a broad spectrum of reasoning skills required for complex job functions.,SHL Assessment Test 72. This SHL assessment captures a broad spectrum of reasoning skills required for complex job functions.
SHL Assessment Test 73,https://www.shl.com/products/test-73,Personality,Skill,This SHL assessment supports hiring decisions by predicting how individuals approach challenges and absorb new information.,SHL Assessment Test 73. This SHL assessment supports hiring decisions by predicting how individuals approach challenges and absorb new information.
SHL Assessment Test 74,https://www.shl.com/products/test-74,Aptitude,Skill,This SHL assessment captures a broad spectrum of reasoning skills required for complex job functions.,SHL Assessment Test 74. This SHL assessment captures a broad spectrum of reasoning skills required for complex job functions.
SHL Assessment Test 75,https://www.shl.com/products/test-75,Personality,Skill,"This SHL assessment measures critical thinking, problem-solving, and reasoning capabilities essential for modern roles.","SHL Assessment Test 75. This SHL assessment measures critical thinking, problem-solving, and reasoning capabilities essential for modern roles."
SHL Assessment Test 76,https://www.shl.com/products/test-76,Behavioral,Skill,This SHL assessment offers a reliable measure of core workplace competencies used across industries.,SHL Assessment Test 76. This SHL assessment offers a reliable measure of core workplace competencies used across industries.
SHL Assessment Test 77,https://www.shl.com/products/test-77,Cognitive,Personality,This SHL assessment captures a broad spectrum of reasoning skills required for complex job functions.,SHL Assessment Test 77. This SHL assessment captures a broad spectrum of reasoning skills required for complex job functions.
SHL Assessment Test 78,https://www.shl.com/products/test-78,Personality,Knowledge,This SHL assessment offers a reliable measure of core workplace competencies used across industries.,SHL Assessment Test 78. This SHL assessment offers a reliable measure of core workplace competencies used across industries.
SHL Assessment Test 79,https://www.shl.com/products/test-79,Behavioral,Knowledge,This SHL assessment offers a reliable measure of core workplace competencies used across industries.,SHL Assessment Test 79. This SHL assessment offers a reliable measure of core workplace competencies used across industries.
SHL Assessment Test 80,https://www.shl.com/products/test-80,Personality,Personality,"This SHL assessment measures critical thinking, problem-solving, and reasoning capabilities essential for modern roles.","SHL Assessment Test 80. This SHL assessment measures critical thinking, problem-solving, and reasoning capabilities essential for modern roles."
SHL Assessment Test 81,https://www.shl.com/products/test-81,Behavioral,Skill,This SHL assessment gives employers data‑driven insights into cognitive strengths relevant to role performance.,SHL Assessment Test 81. This SHL assessment gives employers data‑driven insights into cognitive strengths relevant to role performance.
SHL Assessment Test 82,https://www.shl.com/products/test-82,Behavioral,Skill,This SHL assessment captures a broad spectrum of reasoning skills required for complex job functions.,SHL Assessment Test 82. This SHL assessment captures a broad spectrum of reasoning skills required for complex job functions.
SHL Assessment Test 83,https://www.shl.com/products/test-83,Technical,Skill,"This SHL assessment measures critical thinking, problem-solving, and reasoning capabilities essential for modern roles.","SHL Assessment Test 83. This SHL assessment measures critical thinking, problem-solving, and reasoning capabilities essential for modern roles."
SHL Assessment Test 84,https://www.shl.com/products/test-84,Personality,Skill,"This SHL assessment measures critical thinking, problem-solving, and reasoning capabilities essential for modern roles.","SHL Assessment Test 84. This SHL assessment measures critical thinking, problem-solving, and reasoning capabilities essential for modern roles."
SHL Assessment Test 85,https://www.shl.com/products/test-85,Personality,Personality,This SHL assessment supports hiring decisions by predicting how individuals approach challenges and absorb new information.,SHL Assessment Test 85. This SHL assessment supports hiring decisions by predicting how individuals approach challenges and absorb new information.
SHL Assessment Test 86,https://www.shl.com/products/test-86,Personality,Knowledge,This SHL assessment supports hiring decisions by predicting how individuals approach challenges and absorb new information.,SHL Assessment Test 86. This SHL assessment supports hiring decisions by predicting how individuals approach challenges and absorb new information.
SHL Assessment Test 87,https://www.shl.com/products/test-87,Cognitive,Knowledge,This SHL assessment assesses a candidate’s ability to analyze complex information and make sound decisions.,SHL Assessment Test 87. This SHL assessment assesses a candidate’s ability to analyze complex information and make sound decisions.
SHL Assessment Test 88,https://www.shl.com/products/test-88,Personality,Personality,This SHL assessment gives employers data‑driven insights into cognitive strengths relevant to role performance.,SHL Assessment Test 88. This SHL assessment gives employers data‑driven insights into cognitive strengths relevant to role performance.
SHL Assessment Test 89,https://www.shl.com/products/test-89,Behavioral,Knowledge,This SHL assessment offers a reliable measure of core workplace competencies used across industries.,SHL Assessment Test 89. This SHL assessment offers a reliable measure of core workplace competencies used across industries.
SHL Assessment Test 90,https://www.shl.com/products/test-90,Aptitude,Knowledge,"This SHL assessment evaluates a candidate’s potential to perform well in dynamic, fast‑paced environments.","SHL Assessment Test 90. This SHL assessment evaluates a candidate’s potential to perform well in dynamic, fast‑paced environments."
SHL Assessment Test 91,https://www.shl.com/products/test-91,Aptitude,Personality,This SHL assessment assesses a candidate’s ability to analyze complex information and make sound decisions.,SHL Assessment Test 91. This SHL assessment assesses a candidate’s ability to analyze complex information and make sound decisions.
SHL Assessment Test 92,https://www.shl.com/products/test-92,Cognitive,Personality,This SHL assessment captures a broad spectrum of reasoning skills required for complex job functions.,SHL Assessment Test 92. This SHL assessment captures a broad spectrum of reasoning skills required for complex job functions.
SHL Assessment Test 93,https://www.shl.com/products/test-93,Cognitive,Personality,This SHL assessment provides insight into how effectively individuals interpret data and apply logical strategies.,SHL Assessment Test 93. This SHL assessment provides insight into how effectively individuals interpret data and apply logical strategies.
SHL Assessment Test 94,https://www.shl.com/products/test-94,Technical,Personality,"This SHL assessment measures critical thinking, problem-solving, and reasoning capabilities essential for modern roles.","SHL Assessment Test 94. This SHL assessment measures critical thinking, problem-solving, and reasoning capabilities essential for modern roles."
SHL Assessment Test 95,https://www.shl.com/products/test-95,Personality,Knowledge,This SHL assessment helps organizations identify talent with strong analytical capabilities and learning agility.,SHL Assessment Test 95. This SHL assessment helps organizations identify talent with strong analytical capabilities and learning agility.
SHL Assessment Test 96,https://www.shl.com/products/test-96,Behavioral,Personality,This SHL assessment supports hiring decisions by predicting how individuals approach challenges and absorb new information.,SHL Assessment Test 96. This SHL assessment supports hiring decisions by predicting how individuals approach challenges and absorb new information.
SHL Assessment Test 97,https://www.shl.com/products/test-97,Aptitude,Skill,This SHL assessment supports hiring decisions by predicting how individuals approach challenges and absorb new information.,SHL Assessment Test 97. This SHL assessment supports hiring decisions by predicting how individuals approach challenges and absorb new information.
SHL Assessment Test 98,https://www.shl.com/products/test-98,Behavioral,Knowledge,This SHL assessment offers a reliable measure of core workplace competencies used across industries.,SHL Assessment Test 98. This SHL assessment offers a reliable measure of core workplace competencies used across industries.
SHL Assessment Test 99,https://www.shl.com/products/test-99,Technical,Skill,This SHL assessment helps organizations identify talent with strong analytical capabilities and learning agility.,SHL Assessment Test 99. This SHL assessment helps organizations identify talent with strong analytical capabilities and learning agility.
SHL Assessment Test 100,https://www.shl.com/products/test-100,Aptitude,Knowledge,This SHL assessment supports hiring decisions by predicting how individuals approach challenges and absorb new information.,SHL Assessment Test 100. This SHL assessment supports hiring decisions by predicting how individuals approach challenges and absorb new information.
SHL Assessment Test 101,https://www.shl.com/products/test-101,Cognitive,Personality,This SHL assessment assesses a candidate’s ability to analyze complex information and make sound decisions.,SHL Assessment Test 101. This SHL assessment assesses a candidate’s ability to analyze complex information and make sound decisions.
SHL Assessment Test 102,https://www.shl.com/products/test-102,Personality,Knowledge,"This SHL assessment measures critical thinking, problem-solving, and reasoning capabilities essential for modern roles.","SHL Assessment Test 102. This SHL assessment measures critical thinking, problem-solving, and reasoning capabilities essential for modern roles."
SHL Assessment Test 103,https://www.shl.com/products/test-103,Aptitude,Skill,This SHL assessment supports hiring decisions by predicting how individuals approach challenges and absorb new information.,SHL Assessment Test 103. This SHL assessment supports hiring decisions by predicting how individuals approach challenges and absorb new information.
SHL Assessment Test 104,https://www.shl.com/products/test-104,Technical,Personality,This SHL assessment assesses a candidate’s ability to analyze complex information and make sound decisions.,SHL Assessment Test 104. This SHL assessment assesses a candidate’s ability to analyze complex information and make sound decisions.
SHL Assessment Test 105,https://www.shl.com/products/test-105,Cognitive,Personality,"This SHL assessment evaluates a candidate’s potential to perform well in dynamic, fast‑paced environments.","SHL Assessment Test 105. This SHL assessment evaluates a candidate’s potential to perform well in dynamic, fast‑paced environments."
SHL Assessment Test 106,https://www.shl.com/products/test-106,Cognitive,Skill,This SHL assessment assesses a candidate’s ability to analyze complex information and make sound decisions.,SHL Assessment Test 106. This SHL assessment assesses a candidate’s ability to analyze complex information and make sound decisions.
SHL Assessment Test 107,https://www.shl.com/products/test-107,Cognitive,Knowledge,This SHL assessment assesses a candidate’s ability to analyze complex information and make sound decisions.,SHL Assessment Test 107. This SHL assessment assesses a candidate’s ability to analyze complex information and make sound decisions.
SHL Assessment Test 108,https://www.shl.com/products/test-108,Technical,Personality,This SHL assessment helps organizations identify talent with strong analytical capabilities and learning agility.,SHL Assessment Test 108. This SHL assessment helps organizations identify talent with strong analytical capabilities and learning agility.
SHL Assessment Test 109,https://www.shl.com/products/test-109,Technical,Personality,This SHL assessment gives employers data‑driven insights into cognitive strengths relevant to role performance.,SHL Assessment Test 109. This SHL assessment gives employers data‑driven insights into cognitive strengths relevant to role performance.
SHL Assessment Test 110,https://www.shl.com/products/test-110,Cognitive,Knowledge,This SHL assessment offers a reliable measure of core workplace competencies used across industries.,SHL Assessment Test 110. This SHL assessment offers a reliable measure of core workplace competencies used across industries.
SHL Assessment Test 111,https://www.shl.com/products/test-111,Cognitive,Knowledge,This SHL assessment gives employers data‑driven insights into cognitive strengths relevant to role performance.,SHL Assessment Test 111. This SHL assessment gives employers data‑driven insights into cognitive strengths relevant to role performance.
SHL Assessment Test 112,https://www.shl.com/products/test-112,Cognitive,Skill,This SHL assessment gives employers data‑driven insights into cognitive strengths relevant to role performance.,SHL Assessment Test 112. This SHL assessment gives employers data‑driven insights into cognitive strengths relevant to role performance.
SHL Assessment Test 113,https://www.shl.com/products/test-113,Personality,Knowledge,This SHL assessment provides insight into how effectively individuals interpret data and apply logical strategies.,SHL Assessment Test 113. This SHL assessment provides insight into how effectively individuals interpret data and apply logical strategies.
SHL Assessment Test 114,https://www.shl.com/products/test-114,Personality,Skill,This SHL assessment gives employers data‑driven insights into cognitive strengths relevant to role performance.,SHL Assessment Test 114. This SHL assessment gives employers data‑driven insights into cognitive strengths relevant to role performance.
SHL Assessment Test 115,https://www.shl.com/products/test-115,Personality,Skill,This SHL assessment captures a broad spectrum of reasoning skills required for complex job functions.,SHL Assessment Test 115. This SHL assessment captures a broad spectrum of reasoning skills required for complex job functions.
SHL Assessment Test 116,https://www.shl.com/products/test-116,Technical,Skill,This SHL assessment provides insight into how effectively individuals interpret data and apply logical strategies.,SHL Assessment Test 116. This SHL assessment provides insight into how effectively individuals interpret data and apply logical strategies.
SHL Assessment Test 117,https://www.shl.com/products/test-117,Cognitive,Knowledge,"This SHL assessment evaluates a candidate’s potential to perform well in dynamic, fast‑paced environments.","SHL Assessment Test 117. This SHL assessment evaluates a candidate’s potential to perform well in dynamic, fast‑paced environments."
SHL Assessment Test 118,https://www.shl.com/products/test-118,Aptitude,Knowledge,This SHL assessment captures a broad spectrum of reasoning skills required for complex job functions.,SHL Assessment Test 118. This SHL assessment captures a broad spectrum of reasoning skills required for complex job functions.
SHL Assessment Test 119,https://www.shl.com/products/test-119,Cognitive,Knowledge,This SHL assessment helps organizations identify talent with strong analytical capabilities and learning agility.,SHL Assessment Test 119. This SHL assessment helps organizations identify talent with strong analytical capabilities and learning agility.
SHL Assessment Test 120,https://www.shl.com/products/test-120,Cognitive,Personality,This SHL assessment delivers a standardized assessment aligned with global talent benchmarks and norms.,SHL Assessment Test 120. This SHL assessment delivers a standardized assessment aligned with global talent benchmarks and norms.
SHL Assessment Test 121,https://www.shl.com/products/test-121,Personality,Knowledge,This SHL assessment gives employers data‑driven insights into cognitive strengths relevant to role performance.,SHL Assessment Test 121. This SHL assessment gives employers data‑driven insights into cognitive strengths relevant to role performance.
SHL Assessment Test 122,https://www.shl.com/products/test-122,Behavioral,Skill,This SHL assessment provides insight into how effectively individuals interpret data and apply logical strategies.,SHL Assessment Test 122. This SHL assessment provides insight into how effectively individuals interpret data and apply logical strategies.
SHL Assessment Test 123,https://www.shl.com/products/test-123,Aptitude,Knowledge,"This SHL assessment measures critical thinking, problem-solving, and reasoning capabilities essential for modern roles.","SHL Assessment Test 123. This SHL assessment measures critical thinking, problem-solving, and reasoning capabilities essential for modern roles."
SHL Assessment Test 124,https://www.shl.com/products/test-124,Behavioral,Personality,"This SHL assessment evaluates a candidate’s potential to perform well in dynamic, fast‑paced environments.","SHL Assessment Test 124. This SHL assessment evaluates a candidate’s potential to perform well in dynamic, fast‑paced environments."
SHL Assessment Test 125,https://www.shl.com/products/test-125,Personality,Knowledge,This SHL assessment helps organizations identify talent with strong analytical capabilities and learning agility.,SHL Assessment Test 125. This SHL assessment helps organizations identify talent with strong analytical capabilities and learning agility.
SHL Assessment Test 126,https://www.shl.com/products/test-126,Aptitude,Skill,This SHL assessment delivers a standardized assessment aligned with global talent benchmarks and norms.,SHL Assessment Test 126. This SHL assessment delivers a standardized assessment aligned with global talent benchmarks and norms.
SHL Assessment Test 127,https://www.shl.com/products/test-127,Behavioral,Personality,This SHL assessment supports hiring decisions by predicting how individuals approach challenges and absorb new information.,SHL Assessment Test 127. This SHL assessment supports hiring decisions by predicting how individuals approach challenges and absorb new information.
SHL Assessment Test 128,https://www.shl.com/products/test-128,Technical,Personality,This SHL assessment helps organizations identify talent with strong analytical capabilities and learning agility.,SHL Assessment Test 128. This SHL assessment helps organizations identify talent with strong analytical capabilities and learning agility.
SHL Assessment Test 129,https://www.shl.com/products/test-129,Personality,Skill,This SHL assessment delivers a standardized assessment aligned with global talent benchmarks and norms.,SHL Assessment Test 129. This SHL assessment delivers a standardized assessment aligned with global talent benchmarks and norms.
SHL Assessment Test 130,https://www.shl.com/products/test-130,Personality,Skill,This SHL assessment offers a reliable measure of core workplace competencies used across industries.,SHL Assessment Test 130. This SHL assessment offers a reliable measure of core workplace competencies used across industries.
SHL Assessment Test 131,https://www.shl.com/products/test-131,Behavioral,Personality,This SHL assessment helps organizations identify talent with strong analytical capabilities and learning agility.,SHL Assessment Test 131. This SHL assessment helps organizations identify talent with strong analytical capabilities and learning agility.
SHL Assessment Test 132,https://www.shl.com/products/test-132,Personality,Knowledge,"This SHL assessment measures critical thinking, problem-solving, and reasoning capabilities essential for modern roles.","SHL Assessment Test 132. This SHL assessment measures critical thinking, problem-solving, and reasoning capabilities essential for modern roles."
SHL Assessment Test 133,https://www.shl.com/products/test-133,Behavioral,Skill,This SHL assessment gives employers data‑driven insights into cognitive strengths relevant to role performance.,SHL Assessment Test 133. This SHL assessment gives employers data‑driven insights into cognitive strengths relevant to role performance.
SHL Assessment Test 134,https://www.shl.com/products/test-134,Cognitive,Skill,This SHL assessment assesses a candidate’s ability to analyze complex information and make sound decisions.,SHL Assessment Test 134. This SHL assessment assesses a candidate’s ability to analyze complex information and make sound decisions.
SHL Assessment Test 135,https://www.shl.com/products/test-135,Aptitude,Knowledge,This SHL assessment offers a reliable measure of core workplace competencies used across industries.,SHL Assessment Test 135. This SHL assessment offers a reliable measure of core workplace competencies used across industries.
SHL Assessment Test 136,https://www.shl.com/products/test-136,Personality,Skill,This SHL assessment captures a broad spectrum of reasoning skills required for complex job functions.,SHL Assessment Test 136. This SHL assessment captures a broad spectrum of reasoning skills required for complex job functions.
SHL Assessment Test 137,https://www.shl.com/products/test-137,Aptitude,Personality,This SHL assessment captures a broad spectrum of reasoning skills required for complex job functions.,SHL Assessment Test 137. This SHL assessment captures a broad spectrum of reasoning skills required for complex job functions.
SHL Assessment Test 138,https://www.shl.com/products/test-138,Aptitude,Knowledge,This SHL assessment provides insight into how effectively individuals interpret data and apply logical strategies.,SHL Assessment Test 138. This SHL assessment provides insight into how effectively individuals interpret data and apply logical strategies.
SHL Assessment Test 139,https://www.shl.com/products/test-139,Personality,Personality,This SHL assessment supports hiring decisions by predicting how individuals approach challenges and absorb new information.,SHL Assessment Test 139. This SHL assessment supports hiring decisions by predicting how individuals approach challenges and absorb new information.
SHL Assessment Test 140,https://www.shl.com/products/test-140,Cognitive,Skill,This SHL assessment offers a reliable measure of core workplace competencies used across industries.,SHL Assessment Test 140. This SHL assessment offers a reliable measure of core workplace competencies used across industries.
SHL Assessment Test 141,https://www.shl.com/products/test-141,Cognitive,Skill,This SHL assessment assesses a candidate’s ability to analyze complex information and make sound decisions.,SHL Assessment Test 141. This SHL assessment assesses a candidate’s ability to analyze complex information and make sound decisions.
SHL Assessment Test 142,https://www.shl.com/products/test-142,Aptitude,Personality,This SHL assessment provides insight into how effectively individuals interpret data and apply logical strategies.,SHL Assessment Test 142. This SHL assessment provides insight into how effectively individuals interpret data and apply logical strategies.
SHL Assessment Test 143,https://www.shl.com/products/test-143,Technical,Skill,This SHL assessment captures a broad spectrum of reasoning skills required for complex job functions.,SHL Assessment Test 143. This SHL assessment captures a broad spectrum of reasoning skills required for complex job functions.
SHL Assessment Test 144,https://www.shl.com/products/test-144,Aptitude,Personality,This SHL assessment supports hiring decisions by predicting how individuals approach challenges and absorb new information.,SHL Assessment Test 144. This SHL assessment supports hiring decisions by predicting how individuals approach challenges and absorb new information.
SHL Assessment Test 145,https://www.shl.com/products/test-145,Technical,Personality,This SHL assessment gives employers data‑driven insights into cognitive strengths relevant to role performance.,SHL Assessment Test 145. This SHL assessment gives employers data‑driven insights into cognitive strengths relevant to role performance.
SHL Assessment Test 146,https://www.shl.com/products/test-146,Cognitive,Skill,This SHL assessment captures a broad spectrum of reasoning skills required for complex job functions.,SHL Assessment Test 146. This SHL assessment captures a broad spectrum of reasoning skills required for complex job functions.
SHL Assessment Test 147,https://www.shl.com/products/test-147,Aptitude,Personality,This SHL assessment offers a reliable measure of core workplace competencies used across industries.,SHL Assessment Test 147. This SHL assessment offers a reliable measure of core workplace competencies used across industries.
SHL Assessment Test 148,https://www.shl.com/products/test-148,Behavioral,Skill,This SHL assessment offers a reliable measure of core workplace competencies used across industries.,SHL Assessment Test 148. This SHL assessment offers a reliable measure of core workplace competencies used across industries.
SHL Assessment Test 149,https://www.shl.com/products/test-149,Technical,Personality,This SHL assessment gives employers data‑driven insights into cognitive strengths relevant to role performance.,SHL Assessment Test 149. This SHL assessment gives employers data‑driven insights into cognitive strengths relevant to role performance.
SHL Assessment Test 150,https://www.shl.com/products/test-150,Behavioral,Personality,This SHL assessment offers a reliable measure of core workplace competencies used across industries.,SHL Assessment Test 150. This SHL assessment offers a reliable measure of core workplace competencies used across industries.
SHL Assessment Test 151,https://www.shl.com/products/test-151,Technical,Personality,This SHL assessment assesses a candidate’s ability to analyze complex information and make sound decisions.,SHL Assessment Test 151. This SHL assessment assesses a candidate’s ability to analyze complex information and make sound decisions.
SHL Assessment Test 152,https://www.shl.com/products/test-152,Cognitive,Knowledge,This SHL assessment helps organizations identify talent with strong analytical capabilities and learning agility.,SHL Assessment Test 152. This SHL assessment helps organizations identify talent with strong analytical capabilities and learning agility.
SHL Assessment Test 153,https://www.shl.com/products/test-153,Personality,Personality,"This SHL assessment evaluates a candidate’s potential to perform well in dynamic, fast‑paced environments.","SHL Assessment Test 153. This SHL assessment evaluates a candidate’s potential to perform well in dynamic, fast‑paced environments."
SHL Assessment Test 154,https://www.shl.com/products/test-154,Personality,Personality,This SHL assessment gives employers data‑driven insights into cognitive strengths relevant to role performance.,SHL Assessment Test 154. This SHL assessment gives employers data‑driven insights into cognitive strengths relevant to role performance.
SHL Assessment Test 155,https://www.shl.com/products/test-155,Personality,Personality,This SHL assessment helps organizations identify talent with strong analytical capabilities and learning agility.,SHL Assessment Test 155. This SHL assessment helps organizations identify talent with strong analytical capabilities and learning agility.
SHL Assessment Test 156,https://www.shl.com/products/test-156,Technical,Personality,"This SHL assessment measures critical thinking, problem-solving, and reasoning capabilities essential for modern roles.","SHL Assessment Test 156. This SHL assessment measures critical thinking, problem-solving, and reasoning capabilities essential for modern roles."
SHL Assessment Test 157,https://www.shl.com/products/test-157,Cognitive,Knowledge,This SHL assessment delivers a standardized assessment aligned with global talent benchmarks and norms.,SHL Assessment Test 157. This SHL assessment delivers a standardized assessment aligned with global talent benchmarks and norms.
SHL Assessment Test 158,https://www.shl.com/products/test-158,Aptitude,Skill,This SHL assessment provides insight into how effectively individuals interpret data and apply logical strategies.,SHL Assessment Test 158. This SHL assessment provides insight into how effectively individuals interpret data and apply logical strategies.
SHL Assessment Test 159,https://www.shl.com/products/test-159,Technical,Skill,This SHL assessment captures a broad spectrum of reasoning skills required for complex job functions.,SHL Assessment Test 159. This SHL assessment captures a broad spectrum of reasoning skills required for complex job functions.
SHL Assessment Test 160,https://www.shl.com/products/test-160,Behavioral,Personality,This SHL assessment provides insight into how effectively individuals interpret data and apply logical strategies.,SHL Assessment Test 160. This SHL assessment provides insight into how effectively individuals interpret data and apply logical strategies.
SHL Assessment Test 161,https://www.shl.com/products/test-161,Cognitive,Skill,This SHL assessment provides insight into how effectively individuals interpret data and apply logical strategies.,SHL Assessment Test 161. This SHL assessment provides insight into how effectively individuals interpret data and apply logical strategies.
SHL Assessment Test 162,https://www.shl.com/products/test-162,Behavioral,Personality,This SHL assessment provides insight into how effectively individuals interpret data and apply logical strategies.,SHL Assessment Test 162. This SHL assessment provides insight into how effectively individuals interpret data and apply logical strategies.
SHL Assessment Test 163,https://www.shl.com/products/test-163,Cognitive,Personality,This SHL assessment delivers a standardized assessment aligned with global talent benchmarks and norms.,SHL Assessment Test 163. This SHL assessment delivers a standardized assessment aligned with global talent benchmarks and norms.
SHL Assessment Test 164,https://www.shl.com/products/test-164,Technical,Skill,"This SHL assessment measures critical thinking, problem-solving, and reasoning capabilities essential for modern roles.","SHL Assessment Test 164. This SHL assessment measures critical thinking, problem-solving, and reasoning capabilities essential for modern roles."
SHL Assessment Test 165,https://www.shl.com/products/test-165,Technical,Knowledge,This SHL assessment offers a reliable measure of core workplace competencies used across industries.,SHL Assessment Test 165. This SHL assessment offers a reliable measure of core workplace competencies used across industries.
SHL Assessment Test 166,https://www.shl.com/products/test-166,Behavioral,Knowledge,This SHL assessment provides insight into how effectively individuals interpret data and apply logical strategies.,SHL Assessment Test 166. This SHL assessment provides insight into how effectively individuals interpret data and apply logical strategies.
SHL Assessment Test 167,https://www.shl.com/products/test-167,Cognitive,Knowledge,This SHL assessment assesses a candidate’s ability to analyze complex information and make sound decisions.,SHL Assessment Test 167. This SHL assessment assesses a candidate’s ability to analyze complex information and make sound decisions.
SHL Assessment Test 168,https://www.shl.com/products/test-168,Cognitive,Knowledge,This SHL assessment gives employers data‑driven insights into cognitive strengths relevant to role performance.,SHL Assessment Test 168. This SHL assessment gives employers data‑driven insights into cognitive strengths relevant to role performance.
SHL Assessment Test 169,https://www.shl.com/products/test-169,Personality,Knowledge,This SHL assessment captures a broad spectrum of reasoning skills required for complex job functions.,SHL Assessment Test 169. This SHL assessment captures a broad spectrum of reasoning skills required for complex job functions.
SHL Assessment Test 170,https://www.shl.com/products/test-170,Aptitude,Knowledge,This SHL assessment assesses a candidate’s ability to analyze complex information and make sound decisions.,SHL Assessment Test 170. This SHL assessment assesses a candidate’s ability to analyze complex information and make sound decisions.
SHL Assessment Test 171,https://www.shl.com/products/test-171,Aptitude,Personality,This SHL assessment gives employers data‑driven insights into cognitive strengths relevant to role performance.,SHL Assessment Test 171. This SHL assessment gives employers data‑driven insights into cognitive strengths relevant to role performance.
SHL Assessment Test 172,https://www.shl.com/products/test-172,Cognitive,Knowledge,This SHL assessment offers a reliable measure of core workplace competencies used across industries.,SHL Assessment Test 172. This SHL assessment offers a reliable measure of core workplace competencies used across industries.
SHL Assessment Test 173,https://www.shl.com/products/test-173,Cognitive,Skill,This SHL assessment assesses a candidate’s ability to analyze complex information and make sound decisions.,SHL Assessment Test 173. This SHL assessment assesses a candidate’s ability to analyze complex information and make sound decisions.
SHL Assessment Test 174,https://www.shl.com/products/test-174,Cognitive,Personality,"This SHL assessment measures critical thinking, problem-solving, and reasoning capabilities essential for modern roles.","SHL Assessment Test 174. This SHL assessment measures critical thinking, problem-solving, and reasoning capabilities essential for modern roles."
SHL Assessment Test 175,https://www.shl.com/products/test-175,Cognitive,Knowledge,This SHL assessment provides insight into how effectively individuals interpret data and apply logical strategies.,SHL Assessment Test 175. This SHL assessment provides insight into how effectively individuals interpret data and apply logical strategies.
SHL Assessment Test 176,https://www.shl.com/products/test-176,Cognitive,Personality,This SHL assessment gives employers data‑driven insights into cognitive strengths relevant to role performance.,SHL Assessment Test 176. This SHL assessment gives employers data‑driven insights into cognitive strengths relevant to role performance.
SHL Assessment Test 177,https://www.shl.com/products/test-177,Technical,Personality,This SHL assessment captures a broad spectrum of reasoning skills required for complex job functions.,SHL Assessment Test 177. This SHL assessment captures a broad spectrum of reasoning skills required for complex job functions.
SHL Assessment Test 178,https://www.shl.com/products/test-178,Behavioral,Personality,This SHL assessment helps organizations identify talent with strong analytical capabilities and learning agility.,SHL Assessment Test 178. This SHL assessment helps organizations identify talent with strong analytical capabilities and learning agility.
SHL Assessment Test 179,https://www.shl.com/products/test-179,Cognitive,Personality,This SHL assessment captures a broad spectrum of reasoning skills required for complex job functions.,SHL Assessment Test 179. This SHL assessment captures a broad spectrum of reasoning skills required for complex job functions.
SHL Assessment Test 180,https://www.shl.com/products/test-180,Behavioral,Skill,This SHL assessment gives employers data‑driven insights into cognitive strengths relevant to role performance.,SHL Assessment Test 180. This SHL assessment gives employers data‑driven insights into cognitive strengths relevant to role performance.
SHL Assessment Test 181,https://www.shl.com/products/test-181,Cognitive,Personality,This SHL assessment provides insight into how effectively individuals interpret data and apply logical strategies.,SHL Assessment Test 181. This SHL assessment provides insight into how effectively individuals interpret data and apply logical strategies.
SHL Assessment Test 182,https://www.shl.com/products/test-182,Behavioral,Personality,"This SHL assessment evaluates a candidate’s potential to perform well in dynamic, fast‑paced environments.","SHL Assessment Test 182. This SHL assessment evaluates a candidate’s potential to perform well in dynamic, fast‑paced environments."
SHL Assessment Test 183,https://www.shl.com/products/test-183,Technical,Knowledge,This SHL assessment provides insight into how effectively individuals interpret data and apply logical strategies.,SHL Assessment Test 183. This SHL assessment provides insight into how effectively individuals interpret data and apply logical strategies.
SHL Assessment Test 184,https://www.shl.com/products/test-184,Aptitude,Knowledge,This SHL assessment offers a reliable measure of core workplace competencies used across industries.,SHL Assessment Test 184. This SHL assessment offers a reliable measure of core workplace competencies used across industries.
SHL Assessment Test 185,https://www.shl.com/products/test-185,Personality,Skill,This SHL assessment assesses a candidate’s ability to analyze complex information and make sound decisions.,SHL Assessment Test 185. This SHL assessment assesses a candidate’s ability to analyze complex information and make sound decisions.
SHL Assessment Test 186,https://www.shl.com/products/test-186,Aptitude,Knowledge,"This SHL assessment measures critical thinking, problem-solving, and reasoning capabilities essential for modern roles.","SHL Assessment Test 186. This SHL assessment measures critical thinking, problem-solving, and reasoning capabilities essential for modern roles."
SHL Assessment Test 187,https://www.shl.com/products/test-187,Aptitude,Skill,This SHL assessment offers a reliable measure of core workplace competencies used across industries.,SHL Assessment Test 187. This SHL assessment offers a reliable measure of core workplace competencies used across industries.
SHL Assessment Test 188,https://www.shl.com/products/test-188,Aptitude,Knowledge,This SHL assessment supports hiring decisions by predicting how individuals approach challenges and absorb new information.,SHL Assessment Test 188. This SHL assessment supports hiring decisions by predicting how individuals approach challenges and absorb new information.
SHL Assessment Test 189,https://www.shl.com/products/test-189,Aptitude,Knowledge,This SHL assessment offers a reliable measure of core workplace competencies used across industries.,SHL Assessment Test 189. This SHL assessment offers a reliable measure of core workplace competencies used across industries.
SHL Assessment Test 190,https://www.shl.com/products/test-190,Technical,Knowledge,This SHL assessment captures a broad spectrum of reasoning skills required for complex job functions.,SHL Assessment Test 190. This SHL assessment captures a broad spectrum of reasoning skills required for complex job functions.
SHL Assessment Test 191,https://www.shl.com/products/test-191,Personality,Knowledge,This SHL assessment provides insight into how effectively individuals interpret data and apply logical strategies.,SHL Assessment Test 191. This SHL assessment provides insight into how effectively individuals interpret data and apply logical strategies.
SHL Assessment Test 192,https://www.shl.com/products/test-192,Aptitude,Personality,"This SHL assessment evaluates a candidate’s potential to perform well in dynamic, fast‑paced environments.","SHL Assessment Test 192. This SHL assessment evaluates a candidate’s potential to perform well in dynamic, fast‑paced environments."
SHL Assessment Test 193,https://www.shl.com/products/test-193,Aptitude,Knowledge,This SHL assessment assesses a candidate’s ability to analyze complex information and make sound decisions.,SHL Assessment Test 193. This SHL assessment assesses a candidate’s ability to analyze complex information and make sound decisions.
SHL Assessment Test 194,https://www.shl.com/products/test-194,Technical,Skill,This SHL assessment delivers a standardized assessment aligned with global talent benchmarks and norms.,SHL Assessment Test 194. This SHL assessment delivers a standardized assessment aligned with global talent benchmarks and norms.
SHL Assessment Test 195,https://www.shl.com/products/test-195,Aptitude,Skill,This SHL assessment gives employers data‑driven insights into cognitive strengths relevant to role performance.,SHL Assessment Test 195. This SHL assessment gives employers data‑driven insights into cognitive strengths relevant to role performance.
SHL Assessment Test 196,https://www.shl.com/products/test-196,Behavioral,Knowledge,This SHL assessment offers a reliable measure of core workplace competencies used across industries.,SHL Assessment Test 196. This SHL assessment offers a reliable measure of core workplace competencies used across industries.
SHL Assessment Test 197,https://www.shl.com/products/test-197,Behavioral,Personality,This SHL assessment assesses a candidate’s ability to analyze complex information and make sound decisions.,SHL Assessment Test 197. This SHL assessment assesses a candidate’s ability to analyze complex information and make sound decisions.
SHL Assessment Test 198,https://www.shl.com/products/test-198,Personality,Skill,This SHL assessment supports hiring decisions by predicting how individuals approach challenges and absorb new information.,SHL Assessment Test 198. This SHL assessment supports hiring decisions by predicting how individuals approach challenges and absorb new information.
SHL Assessment Test 199,https://www.shl.com/products/test-199,Technical,Skill,This SHL assessment gives employers data‑driven insights into cognitive strengths relevant to role performance.,SHL Assessment Test 199. This SHL assessment gives employers data‑driven insights into cognitive strengths relevant to role performance.
SHL Assessment Test 200,https://www.shl.com/products/test-200,Cognitive,Skill,"This SHL assessment evaluates a candidate’s potential to perform well in dynamic, fast‑paced environments.","SHL Assessment Test 200. This SHL assessment evaluates a candidate’s potential to perform well in dynamic, fast‑paced environments."
SHL Assessment Test 201,https://www.shl.com/products/test-201,Technical,Skill,This SHL assessment gives employers data‑driven insights into cognitive strengths relevant to role performance.,SHL Assessment Test 201. This SHL assessment gives employers data‑driven insights into cognitive strengths relevant to role performance.
SHL Assessment Test 202,https://www.shl.com/products/test-202,Cognitive,Personality,This SHL assessment helps organizations identify talent with strong analytical capabilities and learning agility.,SHL Assessment Test 202. This SHL assessment helps organizations identify talent with strong analytical capabilities and learning agility.
SHL Assessment Test 203,https://www.shl.com/products/test-203,Aptitude,Skill,This SHL assessment delivers a standardized assessment aligned with global talent benchmarks and norms.,SHL Assessment Test 203. This SHL assessment delivers a standardized assessment aligned with global talent benchmarks and norms.
SHL Assessment Test 204,https://www.shl.com/products/test-204,Technical,Knowledge,This SHL assessment delivers a standardized assessment aligned with global talent benchmarks and norms.,SHL Assessment Test 204. This SHL assessment delivers a standardized assessment aligned with global talent benchmarks and norms.
SHL Assessment Test 205,https://www.shl.com/products/test-205,Technical,Skill,This SHL assessment offers a reliable measure of core workplace competencies used across industries.,SHL Assessment Test 205. This SHL assessment offers a reliable measure of core workplace competencies used across industries.
SHL Assessment Test 206,https://www.shl.com/products/test-206,Aptitude,Personality,This SHL assessment provides insight into how effectively individuals interpret data and apply logical strategies.,SHL Assessment Test 206. This SHL assessment provides insight into how effectively individuals interpret data and apply logical strategies.
SHL Assessment Test 207,https://www.shl.com/products/test-207,Personality,Skill,This SHL assessment captures a broad spectrum of reasoning skills required for complex job functions.,SHL Assessment Test 207. This SHL assessment captures a broad spectrum of reasoning skills required for complex job functions.
SHL Assessment Test 208,https://www.shl.com/products/test-208,Personality,Personality,This SHL assessment assesses a candidate’s ability to analyze complex information and make sound decisions.,SHL Assessment Test 208. This SHL assessment assesses a candidate’s ability to analyze complex information and make sound decisions.
SHL Assessment Test 209,https://www.shl.com/products/test-209,Technical,Knowledge,This SHL assessment offers a reliable measure of core workplace competencies used across industries.,SHL Assessment Test 209. This SHL assessment offers a reliable measure of core workplace competencies used across industries.
SHL Assessment Test 210,https://www.shl.com/products/test-210,Behavioral,Skill,This SHL assessment supports hiring decisions by predicting how individuals approach challenges and absorb new information.,SHL Assessment Test 210. This SHL assessment supports hiring decisions by predicting how individuals approach challenges and absorb new information.
SHL Assessment Test 211,https://www.shl.com/products/test-211,Technical,Knowledge,This SHL assessment provides insight into how effectively individuals interpret data and apply logical strategies.,SHL Assessment Test 211. This SHL assessment provides insight into how effectively individuals interpret data and apply logical strategies.
SHL Assessment Test 212,https://www.shl.com/products/test-212,Personality,Skill,This SHL assessment supports hiring decisions by predicting how individuals approach challenges and absorb new information.,SHL Assessment Test 212. This SHL assessment supports hiring decisions by predicting how individuals approach challenges and absorb new information.
SHL Assessment Test 213,https://www.shl.com/products/test-213,Technical,Personality,This SHL assessment helps organizations identify talent with strong analytical capabilities and learning agility.,SHL Assessment Test 213. This SHL assessment helps organizations identify talent with strong analytical capabilities and learning agility.
SHL Assessment Test 214,https://www.shl.com/products/test-214,Personality,Skill,This SHL assessment helps organizations identify talent with strong analytical capabilities and learning agility.,SHL Assessment Test 214. This SHL assessment helps organizations identify talent with strong analytical capabilities and learning agility.
SHL Assessment Test 215,https://www.shl.com/products/test-215,Personality,Skill,This SHL assessment helps organizations identify talent with strong analytical capabilities and learning agility.,SHL Assessment Test 215. This SHL assessment helps organizations identify talent with strong analytical capabilities and learning agility.
SHL Assessment Test 216,https://www.shl.com/products/test-216,Technical,Knowledge,This SHL assessment helps organizations identify talent with strong analytical capabilities and learning agility.,SHL Assessment Test 216. This SHL assessment helps organizations identify talent with strong analytical capabilities and learning agility.
SHL Assessment Test 217,https://www.shl.com/products/test-217,Technical,Knowledge,This SHL assessment delivers a standardized assessment aligned with global talent benchmarks and norms.,SHL Assessment Test 217. This SHL assessment delivers a standardized assessment aligned with global talent benchmarks and norms.
SHL Assessment Test 218,https://www.shl.com/products/test-218,Aptitude,Personality,This SHL assessment provides insight into how effectively individuals interpret data and apply logical strategies.,SHL Assessment Test 218. This SHL assessment provides insight into how effectively individuals interpret data and apply logical strategies.
SHL Assessment Test 219,https://www.shl.com/products/test-219,Behavioral,Knowledge,This SHL assessment provides insight into how effectively individuals interpret data and apply logical strategies.,SHL Assessment Test 219. This SHL assessment provides insight into how effectively individuals interpret data and apply logical strategies.
SHL Assessment Test 220,https://www.shl.com/products/test-220,Cognitive,Skill,This SHL assessment gives employers data‑driven insights into cognitive strengths relevant to role performance.,SHL Assessment Test 220. This SHL assessment gives employers data‑driven insights into cognitive strengths relevant to role performance.
SHL Assessment Test 221,https://www.shl.com/products/test-221,Behavioral,Knowledge,This SHL assessment assesses a candidate’s ability to analyze complex information and make sound decisions.,SHL Assessment Test 221. This SHL assessment assesses a candidate’s ability to analyze complex information and make sound decisions.
SHL Assessment Test 222,https://www.shl.com/products/test-222,Cognitive,Skill,This SHL assessment supports hiring decisions by predicting how individuals approach challenges and absorb new information.,SHL Assessment Test 222. This SHL assessment supports hiring decisions by predicting how individuals approach challenges and absorb new information.
SHL Assessment Test 223,https://www.shl.com/products/test-223,Aptitude,Skill,This SHL assessment gives employers data‑driven insights into cognitive strengths relevant to role performance.,SHL Assessment Test 223. This SHL assessment gives employers data‑driven insights into cognitive strengths relevant to role performance.
SHL Assessment Test 224,https://www.shl.com/products/test-224,Cognitive,Skill,"This SHL assessment evaluates a candidate’s potential to perform well in dynamic, fast‑paced environments.","SHL Assessment Test 224. This SHL assessment evaluates a candidate’s potential to perform well in dynamic, fast‑paced environments."
SHL Assessment Test 225,https://www.shl.com/products/test-225,Aptitude,Knowledge,This SHL assessment assesses a candidate’s ability to analyze complex information and make sound decisions.,SHL Assessment Test 225. This SHL assessment assesses a candidate’s ability to analyze complex information and make sound decisions.
SHL Assessment Test 226,https://www.shl.com/products/test-226,Behavioral,Personality,This SHL assessment helps organizations identify talent with strong analytical capabilities and learning agility.,SHL Assessment Test 226. This SHL assessment helps organizations identify talent with strong analytical capabilities and learning agility.
SHL Assessment Test 227,https://www.shl.com/products/test-227,Cognitive,Skill,"This SHL assessment measures critical thinking, problem-solving, and reasoning capabilities essential for modern roles.","SHL Assessment Test 227. This SHL assessment measures critical thinking, problem-solving, and reasoning capabilities essential for modern roles."
SHL Assessment Test 228,https://www.shl.com/products/test-228,Behavioral,Skill,This SHL assessment provides insight into how effectively individuals interpret data and apply logical strategies.,SHL Assessment Test 228. This SHL assessment provides insight into how effectively individuals interpret data and apply logical strategies.
SHL Assessment Test 229,https://www.shl.com/products/test-229,Behavioral,Skill,This SHL assessment assesses a candidate’s ability to analyze complex information and make sound decisions.,SHL Assessment Test 229. This SHL assessment assesses a candidate’s ability to analyze complex information and make sound decisions.
SHL Assessment Test 230,https://www.shl.com/products/test-230,Behavioral,Knowledge,"This SHL assessment evaluates a candidate’s potential to perform well in dynamic, fast‑paced environments.","SHL Assessment Test 230. This SHL assessment evaluates a candidate’s potential to perform well in dynamic, fast‑paced environments."
SHL Assessment Test 231,https://www.shl.com/products/test-231,Technical,Personality,This SHL assessment captures a broad spectrum of reasoning skills required for complex job functions.,SHL Assessment Test 231. This SHL assessment captures a broad spectrum of reasoning skills required for complex job functions.
SHL Assessment Test 232,https://www.shl.com/products/test-232,Behavioral,Personality,"This SHL assessment measures critical thinking, problem-solving, and reasoning capabilities essential for modern roles.","SHL Assessment Test 232. This SHL assessment measures critical thinking, problem-solving, and reasoning capabilities essential for modern roles."
SHL Assessment Test 233,https://www.shl.com/products/test-233,Aptitude,Personality,This SHL assessment helps organizations identify talent with strong analytical capabilities and learning agility.,SHL Assessment Test 233. This SHL assessment helps organizations identify talent with strong analytical capabilities and learning agility.
SHL Assessment Test 234,https://www.shl.com/products/test-234,Personality,Knowledge,This SHL assessment helps organizations identify talent with strong analytical capabilities and learning agility.,SHL Assessment Test 234. This SHL assessment helps organizations identify talent with strong analytical capabilities and learning agility.
SHL Assessment Test 235,https://www.shl.com/products/test-235,Personality,Skill,This SHL assessment supports hiring decisions by predicting how individuals approach challenges and absorb new information.,SHL Assessment Test 235. This SHL assessment supports hiring decisions by predicting how individuals approach challenges and absorb new information.
SHL Assessment Test 236,https://www.shl.com/products/test-236,Aptitude,Skill,This SHL assessment captures a broad spectrum of reasoning skills required for complex job functions.,SHL Assessment Test 236. This SHL assessment captures a broad spectrum of reasoning skills required for complex job functions.
SHL Assessment Test 237,https://www.shl.com/products/test-237,Behavioral,Personality,This SHL assessment offers a reliable measure of core workplace competencies used across industries.,SHL Assessment Test 237. This SHL assessment offers a reliable measure of core workplace competencies used across industries.
SHL Assessment Test 238,https://www.shl.com/products/test-238,Technical,Personality,This SHL assessment offers a reliable measure of core workplace competencies used across industries.,SHL Assessment Test 238. This SHL assessment offers a reliable measure of core workplace competencies used across industries.
SHL Assessment Test 239,https://www.shl.com/products/test-239,Aptitude,Skill,This SHL assessment assesses a candidate’s ability to analyze complex information and make sound decisions.,SHL Assessment Test 239. This SHL assessment assesses a candidate’s ability to analyze complex information and make sound decisions.
SHL Assessment Test 240,https://www.shl.com/products/test-240,Aptitude,Knowledge,This SHL assessment supports hiring decisions by predicting how individuals approach challenges and absorb new information.,SHL Assessment Test 240. This SHL assessment supports hiring decisions by predicting how individuals approach challenges and absorb new information.
SHL Assessment Test 241,https://www.shl.com/products/test-241,Personality,Personality,"This SHL assessment evaluates a candidate’s potential to perform well in dynamic, fast‑paced environments.","SHL Assessment Test 241. This SHL assessment evaluates a candidate’s potential to perform well in dynamic, fast‑paced environments."
SHL Assessment Test 242,https://www.shl.com/products/test-242,Personality,Personality,This SHL assessment captures a broad spectrum of reasoning skills required for complex job functions.,SHL Assessment Test 242. This SHL assessment captures a broad spectrum of reasoning skills required for complex job functions.
SHL Assessment Test 243,https://www.shl.com/products/test-243,Cognitive,Skill,"This SHL assessment measures critical thinking, problem-solving, and reasoning capabilities essential for modern roles.","SHL Assessment Test 243. This SHL assessment measures critical thinking, problem-solving, and reasoning capabilities essential for modern roles."
SHL Assessment Test 244,https://www.shl.com/products/test-244,Aptitude,Knowledge,This SHL assessment provides insight into how effectively individuals interpret data and apply logical strategies.,SHL Assessment Test 244. This SHL assessment provides insight into how effectively individuals interpret data and apply logical strategies.
SHL Assessment Test 245,https://www.shl.com/products/test-245,Technical,Personality,This SHL assessment gives employers data‑driven insights into cognitive strengths relevant to role performance.,SHL Assessment Test 245. This SHL assessment gives employers data‑driven insights into cognitive strengths relevant to role performance.
SHL Assessment Test 246,https://www.shl.com/products/test-246,Behavioral,Skill,This SHL assessment provides insight into how effectively individuals interpret data and apply logical strategies.,SHL Assessment Test 246. This SHL assessment provides insight into how effectively individuals interpret data and apply logical strategies.
SHL Assessment Test 247,https://www.shl.com/products/test-247,Behavioral,Knowledge,This SHL assessment delivers a standardized assessment aligned with global talent benchmarks and norms.,SHL Assessment Test 247. This SHL assessment delivers a standardized assessment aligned with global talent benchmarks and norms.
SHL Assessment Test 248,https://www.shl.com/products/test-248,Technical,Knowledge,This SHL assessment supports hiring decisions by predicting how individuals approach challenges and absorb new information.,SHL Assessment Test 248. This SHL assessment supports hiring decisions by predicting how individuals approach challenges and absorb new information.
SHL Assessment Test 249,https://www.shl.com/products/test-249,Behavioral,Skill,This SHL assessment gives employers data‑driven insights into cognitive strengths relevant to role performance.,SHL Assessment Test 249. This SHL assessment gives employers data‑driven insights into cognitive strengths relevant to role performance.
SHL Assessment Test 250,https://www.shl.com/products/test-250,Technical,Skill,"This SHL assessment measures critical thinking, problem-solving, and reasoning capabilities essential for modern roles.","SHL Assessment Test 250. This SHL assessment measures critical thinking, problem-solving, and reasoning capabilities essential for modern roles."
SHL Assessment Test 251,https://www.shl.com/products/test-251,Personality,Personality,This SHL assessment provides insight into how effectively individuals interpret data and apply logical strategies.,SHL Assessment Test 251. This SHL assessment provides insight into how effectively individuals interpret data and apply logical strategies.
SHL Assessment Test 252,https://www.shl.com/products/test-252,Behavioral,Skill,"This SHL assessment evaluates a candidate’s potential to perform well in dynamic, fast‑paced environments.","SHL Assessment Test 252. This SHL assessment evaluates a candidate’s potential to perform well in dynamic, fast‑paced environments."
SHL Assessment Test 253,https://www.shl.com/products/test-253,Technical,Knowledge,This SHL assessment offers a reliable measure of core workplace competencies used across industries.,SHL Assessment Test 253. This SHL assessment offers a reliable measure of core workplace competencies used across industries.
SHL Assessment Test 254,https://www.shl.com/products/test-254,Aptitude,Personality,This SHL assessment supports hiring decisions by predicting how individuals approach challenges and absorb new information.,SHL Assessment Test 254. This SHL assessment supports hiring decisions by predicting how individuals approach challenges and absorb new information.
SHL Assessment Test 255,https://www.shl.com/products/test-255,Aptitude,Knowledge,This SHL assessment delivers a standardized assessment aligned with global talent benchmarks and norms.,SHL Assessment Test 255. This SHL assessment delivers a standardized assessment aligned with global talent benchmarks and norms.
SHL Assessment Test 256,https://www.shl.com/products/test-256,Technical,Personality,This SHL assessment offers a reliable measure of core workplace competencies used across industries.,SHL Assessment Test 256. This SHL assessment offers a reliable measure of core workplace competencies used across industries.
SHL Assessment Test 257,https://www.shl.com/products/test-257,Cognitive,Knowledge,This SHL assessment provides insight into how effectively individuals interpret data and apply logical strategies.,SHL Assessment Test 257. This SHL assessment provides insight into how effectively individuals interpret data and apply logical strategies.
SHL Assessment Test 258,https://www.shl.com/products/test-258,Aptitude,Skill,This SHL assessment supports hiring decisions by predicting how individuals approach challenges and absorb new information.,SHL Assessment Test 258. This SHL assessment supports hiring decisions by predicting how individuals approach challenges and absorb new information.
SHL Assessment Test 259,https://www.shl.com/products/test-259,Personality,Knowledge,This SHL assessment supports hiring decisions by predicting how individuals approach challenges and absorb new information.,SHL Assessment Test 259. This SHL assessment supports hiring decisions by predicting how individuals approach challenges and absorb new information.
SHL Assessment Test 260,https://www.shl.com/products/test-260,Behavioral,Personality,"This SHL assessment evaluates a candidate’s potential to perform well in dynamic, fast‑paced environments.","SHL Assessment Test 260. This SHL assessment evaluates a candidate’s potential to perform well in dynamic, fast‑paced environments."
SHL Assessment Test 261,https://www.shl.com/products/test-261,Behavioral,Personality,This SHL assessment assesses a candidate’s ability to analyze complex information and make sound decisions.,SHL Assessment Test 261. This SHL assessment assesses a candidate’s ability to analyze complex information and make sound decisions.
SHL Assessment Test 262,https://www.shl.com/products/test-262,Personality,Knowledge,"This SHL assessment measures critical thinking, problem-solving, and reasoning capabilities essential for modern roles.","SHL Assessment Test 262. This SHL assessment measures critical thinking, problem-solving, and reasoning capabilities essential for modern roles."
SHL Assessment Test 263,https://www.shl.com/products/test-263,Technical,Knowledge,"This SHL assessment evaluates a candidate’s potential to perform well in dynamic, fast‑paced environments.","SHL Assessment Test 263. This SHL assessment evaluates a candidate’s potential to perform well in dynamic, fast‑paced environments."
SHL Assessment Test 264,https://www.shl.com/products/test-264,Technical,Knowledge,This SHL assessment offers a reliable measure of core workplace competencies used across industries.,SHL Assessment Test 264. This SHL assessment offers a reliable measure of core workplace competencies used across industries.
SHL Assessment Test 265,https://www.shl.com/products/test-265,Cognitive,Personality,"This SHL assessment evaluates a candidate’s potential to perform well in dynamic, fast‑paced environments.","SHL Assessment Test 265. This SHL assessment evaluates a candidate’s potential to perform well in dynamic, fast‑paced environments."
SHL Assessment Test 266,https://www.shl.com/products/test-266,Technical,Personality,This SHL assessment provides insight into how effectively individuals interpret data and apply logical strategies.,SHL Assessment Test 266. This SHL assessment provides insight into how effectively individuals interpret data and apply logical strategies.
SHL Assessment Test 267,https://www.shl.com/products/test-267,Cognitive,Knowledge,"This SHL assessment measures critical thinking, problem-solving, and reasoning capabilities essential for modern roles.","SHL Assessment Test 267. This SHL assessment measures critical thinking, problem-solving, and reasoning capabilities essential for modern roles."
SHL Assessment Test 268,https://www.shl.com/products/test-268,Cognitive,Knowledge,This SHL assessment gives employers data‑driven insights into cognitive strengths relevant to role performance.,SHL Assessment Test 268. This SHL assessment gives employers data‑driven insights into cognitive strengths relevant to role performance.
SHL Assessment Test 269,https://www.shl.com/products/test-269,Cognitive,Skill,This SHL assessment offers a reliable measure of core workplace competencies used across industries.,SHL Assessment Test 269. This SHL assessment offers a reliable measure of core workplace competencies used across industries.
SHL Assessment Test 270,https://www.shl.com/products/test-270,Aptitude,Knowledge,This SHL assessment offers a reliable measure of core workplace competencies used across industries.,SHL Assessment Test 270. This SHL assessment offers a reliable measure of core workplace competencies used across industries.
SHL Assessment Test 271,https://www.shl.com/products/test-271,Cognitive,Personality,This SHL assessment provides insight into how effectively individuals interpret data and apply logical strategies.,SHL Assessment Test 271. This SHL assessment provides insight into how effectively individuals interpret data and apply logical strategies.
SHL Assessment Test 272,https://www.shl.com/products/test-272,Personality,Knowledge,This SHL assessment supports hiring decisions by predicting how individuals approach challenges and absorb new information.,SHL Assessment Test 272. This SHL assessment supports hiring decisions by predicting how individuals approach challenges and absorb new information.
SHL Assessment Test 273,https://www.shl.com/products/test-273,Technical,Skill,"This SHL assessment evaluates a candidate’s potential to perform well in dynamic, fast‑paced environments.","SHL Assessment Test 273. This SHL assessment evaluates a candidate’s potential to perform well in dynamic, fast‑paced environments."
SHL Assessment Test 274,https://www.shl.com/products/test-274,Cognitive,Skill,This SHL assessment supports hiring decisions by predicting how individuals approach challenges and absorb new information.,SHL Assessment Test 274. This SHL assessment supports hiring decisions by predicting how individuals approach challenges and absorb new information.
SHL Assessment Test 275,https://www.shl.com/products/test-275,Behavioral,Personality,This SHL assessment provides insight into how effectively individuals interpret data and apply logical strategies.,SHL Assessment Test 275. This SHL assessment provides insight into how effectively individuals interpret data and apply logical strategies.
SHL Assessment Test 276,https://www.shl.com/products/test-276,Personality,Personality,This SHL assessment provides insight into how effectively individuals interpret data and apply logical strategies.,SHL Assessment Test 276. This SHL assessment provides insight into how effectively individuals interpret data and apply logical strategies.
SHL Assessment Test 277,https://www.shl.com/products/test-277,Personality,Skill,This SHL assessment assesses a candidate’s ability to analyze complex information and make sound decisions.,SHL Assessment Test 277. This SHL assessment assesses a candidate’s ability to analyze complex information and make sound decisions.
SHL Assessment Test 278,https://www.shl.com/products/test-278,Cognitive,Skill,This SHL assessment gives employers data‑driven insights into cognitive strengths relevant to role performance.,SHL Assessment Test 278. This SHL assessment gives employers data‑driven insights into cognitive strengths relevant to role performance.
SHL Assessment Test 279,https://www.shl.com/products/test-279,Behavioral,Personality,This SHL assessment provides insight into how effectively individuals interpret data and apply logical strategies.,SHL Assessment Test 279. This SHL assessment provides insight into how effectively individuals interpret data and apply logical strategies.
SHL Assessment Test 280,https://www.shl.com/products/test-280,Aptitude,Skill,This SHL assessment captures a broad spectrum of reasoning skills required for complex job functions.,SHL Assessment Test 280. This SHL assessment captures a broad spectrum of reasoning skills required for complex job functions.
SHL Assessment Test 281,https://www.shl.com/products/test-281,Technical,Skill,This SHL assessment helps organizations identify talent with strong analytical capabilities and learning agility.,SHL Assessment Test 281. This SHL assessment helps organizations identify talent with strong analytical capabilities and learning agility.
SHL Assessment Test 282,https://www.shl.com/products/test-282,Behavioral,Personality,"This SHL assessment evaluates a candidate’s potential to perform well in dynamic, fast‑paced environments.","SHL Assessment Test 282. This SHL assessment evaluates a candidate’s potential to perform well in dynamic, fast‑paced environments."
SHL Assessment Test 283,https://www.shl.com/products/test-283,Aptitude,Personality,This SHL assessment helps organizations identify talent with strong analytical capabilities and learning agility.,SHL Assessment Test 283. This SHL assessment helps organizations identify talent with strong analytical capabilities and learning agility.
SHL Assessment Test 284,https://www.shl.com/products/test-284,Technical,Personality,This SHL assessment provides insight into how effectively individuals interpret data and apply logical strategies.,SHL Assessment Test 284. This SHL assessment provides insight into how effectively individuals interpret data and apply logical strategies.
SHL Assessment Test 285,https://www.shl.com/products/test-285,Personality,Skill,This SHL assessment supports hiring decisions by predicting how individuals approach challenges and absorb new information.,SHL Assessment Test 285. This SHL assessment supports hiring decisions by predicting how individuals approach challenges and absorb new information.
SHL Assessment Test 286,https://www.shl.com/products/test-286,Technical,Personality,This SHL assessment gives employers data‑driven insights into cognitive strengths relevant to role performance.,SHL Assessment Test 286. This SHL assessment gives employers data‑driven insights into cognitive strengths relevant to role performance.
SHL Assessment Test 287,https://www.shl.com/products/test-287,Aptitude,Skill,This SHL assessment delivers a standardized assessment aligned with global talent benchmarks and norms.,SHL Assessment Test 287. This SHL assessment delivers a standardized assessment aligned with global talent benchmarks and norms.
SHL Assessment Test 288,https://www.shl.com/products/test-288,Personality,Skill,This SHL assessment delivers a standardized assessment aligned with global talent benchmarks and norms.,SHL Assessment Test 288. This SHL assessment delivers a standardized assessment aligned with global talent benchmarks and norms.
SHL Assessment Test 289,https://www.shl.com/products/test-289,Aptitude,Personality,"This SHL assessment measures critical thinking, problem-solving, and reasoning capabilities essential for modern roles.","SHL Assessment Test 289. This SHL assessment measures critical thinking, problem-solving, and reasoning capabilities essential for modern roles."
SHL Assessment Test 290,https://www.shl.com/products/test-290,Technical,Skill,This SHL assessment captures a broad spectrum of reasoning skills required for complex job functions.,SHL Assessment Test 290. This SHL assessment captures a broad spectrum of reasoning skills required for complex job functions.
SHL Assessment Test 291,https://www.shl.com/products/test-291,Cognitive,Knowledge,"This SHL assessment measures critical thinking, problem-solving, and reasoning capabilities essential for modern roles.","SHL Assessment Test 291. This SHL assessment measures critical thinking, problem-solving, and reasoning capabilities essential for modern roles."
SHL Assessment Test 292,https://www.shl.com/products/test-292,Behavioral,Knowledge,This SHL assessment assesses a candidate’s ability to analyze complex information and make sound decisions.,SHL Assessment Test 292. This SHL assessment assesses a candidate’s ability to analyze complex information and make sound decisions.
SHL Assessment Test 293,https://www.shl.com/products/test-293,Technical,Skill,This SHL assessment captures a broad spectrum of reasoning skills required for complex job functions.,SHL Assessment Test 293. This SHL assessment captures a broad spectrum of reasoning skills required for complex job functions.
SHL Assessment Test 294,https://www.shl.com/products/test-294,Technical,Skill,This SHL assessment delivers a standardized assessment aligned with global talent benchmarks and norms.,SHL Assessment Test 294. This SHL assessment delivers a standardized assessment aligned with global talent benchmarks and norms.
SHL Assessment Test 295,https://www.shl.com/products/test-295,Cognitive,Skill,"This SHL assessment evaluates a candidate’s potential to perform well in dynamic, fast‑paced environments.","SHL Assessment Test 295. This SHL assessment evaluates a candidate’s potential to perform well in dynamic, fast‑paced environments."
SHL Assessment Test 296,https://www.shl.com/products/test-296,Personality,Knowledge,"This SHL assessment evaluates a candidate’s potential to perform well in dynamic, fast‑paced environments.","SHL Assessment Test 296. This SHL assessment evaluates a candidate’s potential to perform well in dynamic, fast‑paced environments."
SHL Assessment Test 297,https://www.shl.com/products/test-297,Aptitude,Personality,This SHL assessment offers a reliable measure of core workplace competencies used across industries.,SHL Assessment Test 297. This SHL assessment offers a reliable measure of core workplace competencies used across industries.
SHL Assessment Test 298,https://www.shl.com/products/test-298,Aptitude,Knowledge,"This SHL assessment measures critical thinking, problem-solving, and reasoning capabilities essential for modern roles.","SHL Assessment Test 298. This SHL assessment measures critical thinking, problem-solving, and reasoning capabilities essential for modern roles."
SHL Assessment Test 299,https://www.shl.com/products/test-299,Behavioral,Skill,This SHL assessment delivers a standardized assessment aligned with global talent benchmarks and norms.,SHL Assessment Test 299. This SHL assessment delivers a standardized assessment aligned with global talent benchmarks and norms.
SHL Assessment Test 300,https://www.shl.com/products/test-300,Aptitude,Skill,This SHL assessment assesses a candidate’s ability to analyze complex information and make sound decisions.,SHL Assessment Test 300. This SHL assessment assesses a candidate’s ability to analyze complex information and make sound decisions.
SHL Assessment Test 301,https://www.shl.com/products/test-301,Aptitude,Skill,This SHL assessment captures a broad spectrum of reasoning skills required for complex job functions.,SHL Assessment Test 301. This SHL assessment captures a broad spectrum of reasoning skills required for complex job functions.
SHL Assessment Test 302,https://www.shl.com/products/test-302,Behavioral,Knowledge,This SHL assessment offers a reliable measure of core workplace competencies used across industries.,SHL Assessment Test 302. This SHL assessment offers a reliable measure of core workplace competencies used across industries.
SHL Assessment Test 303,https://www.shl.com/products/test-303,Personality,Skill,This SHL assessment captures a broad spectrum of reasoning skills required for complex job functions.,SHL Assessment Test 303. This SHL assessment captures a broad spectrum of reasoning skills required for complex job functions.
SHL Assessment Test 304,https://www.shl.com/products/test-304,Technical,Personality,This SHL assessment helps organizations identify talent with strong analytical capabilities and learning agility.,SHL Assessment Test 304. This SHL assessment helps organizations identify talent with strong analytical capabilities and learning agility.
SHL Assessment Test 305,https://www.shl.com/products/test-305,Technical,Knowledge,"This SHL assessment evaluates a candidate’s potential to perform well in dynamic, fast‑paced environments.","SHL Assessment Test 305. This SHL assessment evaluates a candidate’s potential to perform well in dynamic, fast‑paced environments."
SHL Assessment Test 306,https://www.shl.com/products/test-306,Aptitude,Knowledge,This SHL assessment captures a broad spectrum of reasoning skills required for complex job functions.,SHL Assessment Test 306. This SHL assessment captures a broad spectrum of reasoning skills required for complex job functions.
SHL Assessment Test 307,https://www.shl.com/products/test-307,Aptitude,Skill,This SHL assessment supports hiring decisions by predicting how individuals approach challenges and absorb new information.,SHL Assessment Test 307. This SHL assessment supports hiring decisions by predicting how individuals approach challenges and absorb new information.
SHL Assessment Test 308,https://www.shl.com/products/test-308,Aptitude,Personality,This SHL assessment provides insight into how effectively individuals interpret data and apply logical strategies.,SHL Assessment Test 308. This SHL assessment provides insight into how effectively individuals interpret data and apply logical strategies.
SHL Assessment Test 309,https://www.shl.com/products/test-309,Cognitive,Personality,This SHL assessment delivers a standardized assessment aligned with global talent benchmarks and norms.,SHL Assessment Test 309. This SHL assessment delivers a standardized assessment aligned with global talent benchmarks and norms.
SHL Assessment Test 310,https://www.shl.com/products/test-310,Personality,Skill,This SHL assessment gives employers data‑driven insights into cognitive strengths relevant to role performance.,SHL Assessment Test 310. This SHL assessment gives employers data‑driven insights into cognitive strengths relevant to role performance.
SHL Assessment Test 311,https://www.shl.com/products/test-311,Cognitive,Knowledge,"This SHL assessment measures critical thinking, problem-solving, and reasoning capabilities essential for modern roles.","SHL Assessment Test 311. This SHL assessment measures critical thinking, problem-solving, and reasoning capabilities essential for modern roles."
SHL Assessment Test 312,https://www.shl.com/products/test-312,Personality,Knowledge,This SHL assessment supports hiring decisions by predicting how individuals approach challenges and absorb new information.,SHL Assessment Test 312. This SHL assessment supports hiring decisions by predicting how individuals approach challenges and absorb new information.
SHL Assessment Test 313,https://www.shl.com/products/test-313,Technical,Personality,"This SHL assessment measures critical thinking, problem-solving, and reasoning capabilities essential for modern roles.","SHL Assessment Test 313. This SHL assessment measures critical thinking, problem-solving, and reasoning capabilities essential for modern roles."
SHL Assessment Test 314,https://www.shl.com/products/test-314,Behavioral,Skill,This SHL assessment captures a broad spectrum of reasoning skills required for complex job functions.,SHL Assessment Test 314. This SHL assessment captures a broad spectrum of reasoning skills required for complex job functions.
SHL Assessment Test 315,https://www.shl.com/products/test-315,Aptitude,Personality,This SHL assessment helps organizations identify talent with strong analytical capabilities and learning agility.,SHL Assessment Test 315. This SHL assessment helps organizations identify talent with strong analytical capabilities and learning agility.
SHL Assessment Test 316,https://www.shl.com/products/test-316,Cognitive,Personality,"This SHL assessment measures critical thinking, problem-solving, and reasoning capabilities essential for modern roles.","SHL Assessment Test 316. This SHL assessment measures critical thinking, problem-solving, and reasoning capabilities essential for modern roles."
SHL Assessment Test 317,https://www.shl.com/products/test-317,Aptitude,Personality,This SHL assessment offers a reliable measure of core workplace competencies used across industries.,SHL Assessment Test 317. This SHL assessment offers a reliable measure of core workplace competencies used across industries.
SHL Assessment Test 318,https://www.shl.com/products/test-318,Cognitive,Personality,This SHL assessment helps organizations identify talent with strong analytical capabilities and learning agility.,SHL Assessment Test 318. This SHL assessment helps organizations identify talent with strong analytical capabilities and learning agility.
SHL Assessment Test 319,https://www.shl.com/products/test-319,Behavioral,Knowledge,"This SHL assessment measures critical thinking, problem-solving, and reasoning capabilities essential for modern roles.","SHL Assessment Test 319. This SHL assessment measures critical thinking, problem-solving, and reasoning capabilities essential for modern roles."
SHL Assessment Test 320,https://www.shl.com/products/test-320,Behavioral,Knowledge,This SHL assessment delivers a standardized assessment aligned with global talent benchmarks and norms.,SHL Assessment Test 320. This SHL assessment delivers a standardized assessment aligned with global talent benchmarks and norms.
SHL Assessment Test 321,https://www.shl.com/products/test-321,Personality,Knowledge,"This SHL assessment measures critical thinking, problem-solving, and reasoning capabilities essential for modern roles.","SHL Assessment Test 321. This SHL assessment measures critical thinking, problem-solving, and reasoning capabilities essential for modern roles."
SHL Assessment Test 322,https://www.shl.com/products/test-322,Cognitive,Knowledge,This SHL assessment captures a broad spectrum of reasoning skills required for complex job functions.,SHL Assessment Test 322. This SHL assessment captures a broad spectrum of reasoning skills required for complex job functions.
SHL Assessment Test 323,https://www.shl.com/products/test-323,Aptitude,Knowledge,This SHL assessment supports hiring decisions by predicting how individuals approach challenges and absorb new information.,SHL Assessment Test 323. This SHL assessment supports hiring decisions by predicting how individuals approach challenges and absorb new information.
SHL Assessment Test 324,https://www.shl.com/products/test-324,Cognitive,Personality,"This SHL assessment evaluates a candidate’s potential to perform well in dynamic, fast‑paced environments.","SHL Assessment Test 324. This SHL assessment evaluates a candidate’s potential to perform well in dynamic, fast‑paced environments."
SHL Assessment Test 325,https://www.shl.com/products/test-325,Behavioral,Personality,This SHL assessment assesses a candidate’s ability to analyze complex information and make sound decisions.,SHL Assessment Test 325. This SHL assessment assesses a candidate’s ability to analyze complex information and make sound decisions.
SHL Assessment Test 326,https://www.shl.com/products/test-326,Behavioral,Personality,This SHL assessment provides insight into how effectively individuals interpret data and apply logical strategies.,SHL Assessment Test 326. This SHL assessment provides insight into how effectively individuals interpret data and apply logical strategies.
SHL Assessment Test 327,https://www.shl.com/products/test-327,Personality,Personality,"This SHL assessment measures critical thinking, problem-solving, and reasoning capabilities essential for modern roles.","SHL Assessment Test 327. This SHL assessment measures critical thinking, problem-solving, and reasoning capabilities essential for modern roles."
SHL Assessment Test 328,https://www.shl.com/products/test-328,Personality,Personality,This SHL assessment delivers a standardized assessment aligned with global talent benchmarks and norms.,SHL Assessment Test 328. This SHL assessment delivers a standardized assessment aligned with global talent benchmarks and norms.
SHL Assessment Test 329,https://www.shl.com/products/test-329,Cognitive,Personality,This SHL assessment delivers a standardized assessment aligned with global talent benchmarks and norms.,SHL Assessment Test 329. This SHL assessment delivers a standardized assessment aligned with global talent benchmarks and norms.
SHL Assessment Test 330,https://www.shl.com/products/test-330,Personality,Skill,"This SHL assessment measures critical thinking, problem-solving, and reasoning capabilities essential for modern roles.","SHL Assessment Test 330. This SHL assessment measures critical thinking, problem-solving, and reasoning capabilities essential for modern roles."
SHL Assessment Test 331,https://www.shl.com/products/test-331,Aptitude,Personality,"This SHL assessment measures critical thinking, problem-solving, and reasoning capabilities essential for modern roles.","SHL Assessment Test 331. This SHL assessment measures critical thinking, problem-solving, and reasoning capabilities essential for modern roles."
SHL Assessment Test 332,https://www.shl.com/products/test-332,Behavioral,Knowledge,This SHL assessment supports hiring decisions by predicting how individuals approach challenges and absorb new information.,SHL Assessment Test 332. This SHL assessment supports hiring decisions by predicting how individuals approach challenges and absorb new information.
SHL Assessment Test 333,https://www.shl.com/products/test-333,Cognitive,Knowledge,This SHL assessment supports hiring decisions by predicting how individuals approach challenges and absorb new information.,SHL Assessment Test 333. This SHL assessment supports hiring decisions by predicting how individuals approach challenges and absorb new information.
SHL Assessment Test 334,https://www.shl.com/products/test-334,Aptitude,Skill,This SHL assessment gives employers data‑driven insights into cognitive strengths relevant to role performance.,SHL Assessment Test 334. This SHL assessment gives employers data‑driven insights into cognitive strengths relevant to role performance.
SHL Assessment Test 335,https://www.shl.com/products/test-335,Personality,Knowledge,This SHL assessment offers a reliable measure of core workplace competencies used across industries.,SHL Assessment Test 335. This SHL assessment offers a reliable measure of core workplace competencies used across industries.
SHL Assessment Test 336,https://www.shl.com/products/test-336,Cognitive,Skill,This SHL assessment provides insight into how effectively individuals interpret data and apply logical strategies.,SHL Assessment Test 336. This SHL assessment provides insight into how effectively individuals interpret data and apply logical strategies.
SHL Assessment Test 337,https://www.shl.com/products/test-337,Personality,Knowledge,"This SHL assessment measures critical thinking, problem-solving, and reasoning capabilities essential for modern roles.","SHL Assessment Test 337. This SHL assessment measures critical thinking, problem-solving, and reasoning capabilities essential for modern roles."
SHL Assessment Test 338,https://www.shl.com/products/test-338,Behavioral,Knowledge,This SHL assessment gives employers data‑driven insights into cognitive strengths relevant to role performance.,SHL Assessment Test 338. This SHL assessment gives employers data‑driven insights into cognitive strengths relevant to role performance.
SHL Assessment Test 339,https://www.shl.com/products/test-339,Cognitive,Personality,This SHL assessment assesses a candidate’s ability to analyze complex information and make sound decisions.,SHL Assessment Test 339. This SHL assessment assesses a candidate’s ability to analyze complex information and make sound decisions.
SHL Assessment Test 340,https://www.shl.com/products/test-340,Behavioral,Knowledge,This SHL assessment captures a broad spectrum of reasoning skills required for complex job functions.,SHL Assessment Test 340. This SHL assessment captures a broad spectrum of reasoning skills required for complex job functions.
SHL Assessment Test 341,https://www.shl.com/products/test-341,Behavioral,Skill,This SHL assessment captures a broad spectrum of reasoning skills required for complex job functions.,SHL Assessment Test 341. This SHL assessment captures a broad spectrum of reasoning skills required for complex job functions.
SHL Assessment Test 342,https://www.shl.com/products/test-342,Technical,Personality,This SHL assessment helps organizations identify talent with strong analytical capabilities and learning agility.,SHL Assessment Test 342. This SHL assessment helps organizations identify talent with strong analytical capabilities and learning agility.
SHL Assessment Test 343,https://www.shl.com/products/test-343,Technical,Personality,"This SHL assessment measures critical thinking, problem-solving, and reasoning capabilities essential for modern roles.","SHL Assessment Test 343. This SHL assessment measures critical thinking, problem-solving, and reasoning capabilities essential for modern roles."
SHL Assessment Test 344,https://www.shl.com/products/test-344,Behavioral,Knowledge,This SHL assessment provides insight into how effectively individuals interpret data and apply logical strategies.,SHL Assessment Test 344. This SHL assessment provides insight into how effectively individuals interpret data and apply logical strategies.
SHL Assessment Test 345,https://www.shl.com/products/test-345,Aptitude,Personality,This SHL assessment provides insight into how effectively individuals interpret data and apply logical strategies.,SHL Assessment Test 345. This SHL assessment provides insight into how effectively individuals interpret data and apply logical strategies.
SHL Assessment Test 346,https://www.shl.com/products/test-346,Cognitive,Personality,"This SHL assessment measures critical thinking, problem-solving, and reasoning capabilities essential for modern roles.","SHL Assessment Test 346. This SHL assessment measures critical thinking, problem-solving, and reasoning capabilities essential for modern roles."
SHL Assessment Test 347,https://www.shl.com/products/test-347,Technical,Skill,This SHL assessment supports hiring decisions by predicting how individuals approach challenges and absorb new information.,SHL Assessment Test 347. This SHL assessment supports hiring decisions by predicting how individuals approach challenges and absorb new information.
SHL Assessment Test 348,https://www.shl.com/products/test-348,Behavioral,Knowledge,This SHL assessment offers a reliable measure of core workplace competencies used across industries.,SHL Assessment Test 348. This SHL assessment offers a reliable measure of core workplace competencies used across industries.
SHL Assessment Test 349,https://www.shl.com/products/test-349,Personality,Personality,This SHL assessment assesses a candidate’s ability to analyze complex information and make sound decisions.,SHL Assessment Test 349. This SHL assessment assesses a candidate’s ability to analyze complex information and make sound decisions.
SHL Assessment Test 350,https://www.shl.com/products/test-350,Behavioral,Skill,This SHL assessment provides insight into how effectively individuals interpret data and apply logical strategies.,SHL Assessment Test 350. This SHL assessment provides insight into how effectively individuals interpret data and apply logical strategies.
SHL Assessment Test 351,https://www.shl.com/products/test-351,Aptitude,Skill,This SHL assessment captures a broad spectrum of reasoning skills required for complex job functions.,SHL Assessment Test 351. This SHL assessment captures a broad spectrum of reasoning skills required for complex job functions.
SHL Assessment Test 352,https://www.shl.com/products/test-352,Behavioral,Personality,This SHL assessment captures a broad spectrum of reasoning skills required for complex job functions.,SHL Assessment Test 352. This SHL assessment captures a broad spectrum of reasoning skills required for complex job functions.
SHL Assessment Test 353,https://www.shl.com/products/test-353,Aptitude,Knowledge,This SHL assessment delivers a standardized assessment aligned with global talent benchmarks and norms.,SHL Assessment Test 353. This SHL assessment delivers a standardized assessment aligned with global talent benchmarks and norms.
SHL Assessment Test 354,https://www.shl.com/products/test-354,Technical,Knowledge,"This SHL assessment measures critical thinking, problem-solving, and reasoning capabilities essential for modern roles.","SHL Assessment Test 354. This SHL assessment measures critical thinking, problem-solving, and reasoning capabilities essential for modern roles."
SHL Assessment Test 355,https://www.shl.com/products/test-355,Cognitive,Skill,This SHL assessment captures a broad spectrum of reasoning skills required for complex job functions.,SHL Assessment Test 355. This SHL assessment captures a broad spectrum of reasoning skills required for complex job functions.
SHL Assessment Test 356,https://www.shl.com/products/test-356,Behavioral,Knowledge,"This SHL assessment evaluates a candidate’s potential to perform well in dynamic, fast‑paced environments.","SHL Assessment Test 356. This SHL assessment evaluates a candidate’s potential to perform well in dynamic, fast‑paced environments."
SHL Assessment Test 357,https://www.shl.com/products/test-357,Cognitive,Knowledge,This SHL assessment helps organizations identify talent with strong analytical capabilities and learning agility.,SHL Assessment Test 357. This SHL assessment helps organizations identify talent with strong analytical capabilities and learning agility.
SHL Assessment Test 358,https://www.shl.com/products/test-358,Behavioral,Knowledge,"This SHL assessment evaluates a candidate’s potential to perform well in dynamic, fast‑paced environments.","SHL Assessment Test 358. This SHL assessment evaluates a candidate’s potential to perform well in dynamic, fast‑paced environments."
SHL Assessment Test 359,https://www.shl.com/products/test-359,Technical,Knowledge,This SHL assessment offers a reliable measure of core workplace competencies used across industries.,SHL Assessment Test 359. This SHL assessment offers a reliable measure of core workplace competencies used across industries.
SHL Assessment Test 360,https://www.shl.com/products/test-360,Behavioral,Knowledge,This SHL assessment captures a broad spectrum of reasoning skills required for complex job functions.,SHL Assessment Test 360. This SHL assessment captures a broad spectrum of reasoning skills required for complex job functions.
SHL Assessment Test 361,https://www.shl.com/products/test-361,Technical,Knowledge,This SHL assessment delivers a standardized assessment aligned with global talent benchmarks and norms.,SHL Assessment Test 361. This SHL assessment delivers a standardized assessment aligned with global talent benchmarks and norms.
SHL Assessment Test 362,https://www.shl.com/products/test-362,Cognitive,Knowledge,This SHL assessment offers a reliable measure of core workplace competencies used across industries.,SHL Assessment Test 362. This SHL assessment offers a reliable measure of core workplace competencies used across industries.
SHL Assessment Test 363,https://www.shl.com/products/test-363,Aptitude,Personality,This SHL assessment captures a broad spectrum of reasoning skills required for complex job functions.,SHL Assessment Test 363. This SHL assessment captures a broad spectrum of reasoning skills required for complex job functions.
SHL Assessment Test 364,https://www.shl.com/products/test-364,Personality,Personality,"This SHL assessment measures critical thinking, problem-solving, and reasoning capabilities essential for modern roles.","SHL Assessment Test 364. This SHL assessment measures critical thinking, problem-solving, and reasoning capabilities essential for modern roles."
SHL Assessment Test 365,https://www.shl.com/products/test-365,Behavioral,Knowledge,This SHL assessment offers a reliable measure of core workplace competencies used across industries.,SHL Assessment Test 365. This SHL assessment offers a reliable measure of core workplace competencies used across industries.
SHL Assessment Test 366,https://www.shl.com/products/test-366,Aptitude,Knowledge,This SHL assessment assesses a candidate’s ability to analyze complex information and make sound decisions.,SHL Assessment Test 366. This SHL assessment assesses a candidate’s ability to analyze complex information and make sound decisions.
SHL Assessment Test 367,https://www.shl.com/products/test-367,Technical,Knowledge,This SHL assessment assesses a candidate’s ability to analyze complex information and make sound decisions.,SHL Assessment Test 367. This SHL assessment assesses a candidate’s ability to analyze complex information and make sound decisions.
SHL Assessment Test 368,https://www.shl.com/products/test-368,Technical,Knowledge,This SHL assessment captures a broad spectrum of reasoning skills required for complex job functions.,SHL Assessment Test 368. This SHL assessment captures a broad spectrum of reasoning skills required for complex job functions.
SHL Assessment Test 369,https://www.shl.com/products/test-369,Behavioral,Skill,This SHL assessment supports hiring decisions by predicting how individuals approach challenges and absorb new information.,SHL Assessment Test 369. This SHL assessment supports hiring decisions by predicting how individuals approach challenges and absorb new information.
SHL Assessment Test 370,https://www.shl.com/products/test-370,Cognitive,Knowledge,"This SHL assessment measures critical thinking, problem-solving, and reasoning capabilities essential for modern roles.","SHL Assessment Test 370. This SHL assessment measures critical thinking, problem-solving, and reasoning capabilities essential for modern roles."
SHL Assessment Test 371,https://www.shl.com/products/test-371,Technical,Knowledge,This SHL assessment provides insight into how effectively individuals interpret data and apply logical strategies.,SHL Assessment Test 371. This SHL assessment provides insight into how effectively individuals interpret data and apply logical strategies.
SHL Assessment Test 372,https://www.shl.com/products/test-372,Personality,Skill,This SHL assessment assesses a candidate’s ability to analyze complex information and make sound decisions.,SHL Assessment Test 372. This SHL assessment assesses a candidate’s ability to analyze complex information and make sound decisions.
SHL Assessment Test 373,https://www.shl.com/products/test-373,Behavioral,Personality,This SHL assessment supports hiring decisions by predicting how individuals approach challenges and absorb new information.,SHL Assessment Test 373. This SHL assessment supports hiring decisions by predicting how individuals approach challenges and absorb new information.
SHL Assessment Test 374,https://www.shl.com/products/test-374,Cognitive,Personality,"This SHL assessment measures critical thinking, problem-solving, and reasoning capabilities essential for modern roles.","SHL Assessment Test 374. This SHL assessment measures critical thinking, problem-solving, and reasoning capabilities essential for modern roles."
SHL Assessment Test 375,https://www.shl.com/products/test-375,Cognitive,Knowledge,"This SHL assessment measures critical thinking, problem-solving, and reasoning capabilities essential for modern roles.","SHL Assessment Test 375. This SHL assessment measures critical thinking, problem-solving, and reasoning capabilities essential for modern roles."
SHL Assessment Test 376,https://www.shl.com/products/test-376,Personality,Knowledge,"This SHL assessment evaluates a candidate’s potential to perform well in dynamic, fast‑paced environments.","SHL Assessment Test 376. This SHL assessment evaluates a candidate’s potential to perform well in dynamic, fast‑paced environments."
SHL Assessment Test 377,https://www.shl.com/products/test-377,Personality,Knowledge,This SHL assessment gives employers data‑driven insights into cognitive strengths relevant to role performance.,SHL Assessment Test 377. This SHL assessment gives employers data‑driven insights into cognitive strengths relevant to role performance.
SHL Assessment Test 378,https://www.shl.com/products/test-378,Behavioral,Skill,This SHL assessment offers a reliable measure of core workplace competencies used across industries.,SHL Assessment Test 378. This SHL assessment offers a reliable measure of core workplace competencies used across industries.
SHL Assessment Test 379,https://www.shl.com/products/test-379,Behavioral,Skill,This SHL assessment supports hiring decisions by predicting how individuals approach challenges and absorb new information.,SHL Assessment Test 379. This SHL assessment supports hiring decisions by predicting how individuals approach challenges and absorb new information.
SHL Assessment Test 380,https://www.shl.com/products/test-380,Behavioral,Personality,This SHL assessment helps organizations identify talent with strong analytical capabilities and learning agility.,SHL Assessment Test 380. This SHL assessment helps organizations identify talent with strong analytical capabilities and learning agility.
